id;Zona_EOD;LETRA;Distancia al centro (Km);m2_Comercio;m2_Educacion;m2_Residencial;m2_Industrial;m2_Servicios;m2_Otros;GSE Alto;GSE Medio Alto;GSE Medio;GSE Medio bajo;GSE Bajo;Ed. Básica y Media;Ed. Superior;Valor de oferta de vivienda (uf/m2) 
1;1;;4,78;12744;6333;78074;61992;10964;13686;0;28;787;282;483;1492;0;
2;2;;3,95;38325;37454;317556;48208;30940;20744;0;715;1422;2111;425;4316;3431;34,79
3;3;;3,9;46434;8041;220002;97680;15723;11143;0;379;625;612;1452;1594;0;32,26
4;4;;2,9;31768;10895;245378;51248;19715;24626;221;1272;450;323;139;1520;0;37,92
5;5;;4,15;11326;4685;59895;67859;6731;19666;0;87;664;72;15;0;0;
6;6;;3,13;8405;8671;172916;45625;8278;6487;0;936;995;564;445;1790;0;32,01
7;7;;1,78;55640;20599;233816;61635;85633;16087;47;365;778;551;642;756;0;30,21
8;8;;1,95;50859;98798;46207;37817;86780;10614;0;18;207;324;74;3653;12709;28,73
9;9;;2,22;13669;1236;164049;28927;6720;7123;130;258;260;416;1166;253;0;
10;10;;8,82;11210;2143;108221;100199;41732;9105;0;163;299;407;935;954;0;
11;11;;8,41;21341;2281;116899;5087;7936;12731;0;131;755;583;582;144;552;
12;12;;7,84;3591;6130;157447;561;1405;1171;0;489;918;488;844;2547;0;
13;13;;7,6;2804;446;75078;403;257;123;0;52;750;725;321;97;0;
14;14;;7,28;4608;7599;95103;3401;2250;673;0;321;441;358;328;766;0;17,27
15;15;;7,08;2793;2515;62713;122;1533;92;0;26;111;197;1200;560;0;
16;16;;8,06;4864;2408;100527;904;2389;424;0;542;971;944;109;276;0;
17;17;;7,33;8967;1899;99598;73084;14011;11799;0;431;348;845;582;826;0;
18;18;;7,09;14921;10198;127144;6562;3847;1919;0;1022;335;820;964;3125;0;
19;19;;6,49;12590;545;181255;2943;4555;2517;0;432;758;928;1748;567;0;
20;20;;6,47;4796;17046;161361;864;1704;2058;0;202;263;417;902;2241;0;
21;21;;6,5;2966;0;62558;30916;3917;3316;0;32;419;508;23;0;0;
22;22;;6,3;5608;2437;161998;3488;2417;732;370;374;540;625;363;1146;0;
23;23;;5,79;45559;10907;178540;44967;14856;13916;0;234;631;76;1056;3829;0;28,96
24;24;;5,63;3007;2549;98597;27862;5551;4749;0;145;1253;376;1409;272;0;
25;25;;5,05;3417;4093;108397;2991;1808;3304;360;189;1;251;927;142;0;
26;26;;5,18;8160;178;65590;18583;6025;1520;298;15;103;182;490;0;0;
27;27;;8,66;2235;2301;92775;315;774;716;0;103;588;781;608;1139;0;
28;28;;8,58;1982;3625;91372;345;222;2321;0;145;886;468;736;837;0;
29;29;;7,87;2069;4075;87321;365;6945;2744;0;35;15;597;331;420;0;
30;30;;7,6;4040;14648;151033;1208;4467;2576;0;427;917;1525;1260;1409;10675;
31;31;;7,06;9575;12245;119698;30764;9122;3328;132;38;784;663;123;3545;0;25,47
32;32;;7,19;638;5011;46068;66;234;886;0;54;281;487;16;0;0;
33;33;;7,43;261;652;65325;1572;441;7436;0;22;104;374;94;0;0;
34;34;;8,88;114030;0;10169;24108;6701;13966;0;4;364;0;8;0;1134;
35;35;;6,49;4257;7288;170296;1632;10078;1874;0;147;1460;1523;680;673;0;
36;36;;6,14;7672;8845;158320;8463;5032;1898;0;554;888;1069;722;1570;0;
37;37;;5,45;14721;3677;291711;6961;6383;2931;0;959;1417;1123;1623;1813;0;
38;38;;5,25;8774;320;105839;8023;2818;917;0;315;259;674;530;209;0;
39;39;;4,64;4217;8792;194598;22540;4446;3078;145;718;1850;581;535;832;0;
40;40;A;4,72;8499;6095;152346;16204;17724;4247;0;706;455;611;178;1371;0;
41;40;B;4,72;4330;2382;65384;17409;5975;1298;0;706;455;631;178;1264;0;29,11
42;41;;4,51;12325;13571;201470;10538;10025;5491;0;290;660;1535;448;2558;0;
43;42;;5,04;15771;4428;115449;51720;14321;8189;0;61;769;1111;33;1341;0;
44;43;;4,37;5393;7879;106342;5428;1257;1197;146;435;1188;530;40;1345;0;
45;44;;3,92;20638;15064;77332;133411;23663;3216;0;511;14;239;226;4018;175;
46;45;;3,84;23745;4726;162011;47284;13930;1925;0;51;389;880;431;934;0;
47;46;;3,91;7474;4678;112741;11308;23280;4840;0;266;314;688;83;434;0;
48;47;;2,69;11616;4180;106985;37766;9019;3268;142;21;682;203;266;548;0;31,10
49;48;;2,43;64474;44901;346568;91525;42098;18275;0;979;1838;1303;590;2092;3470;
50;49;;2,06;32485;17017;207755;89429;67516;29038;142;0;1115;623;102;4992;0;47,68
51;50;;1,3;100628;13047;55912;34212;47632;11265;0;6;7;275;227;23;0;
52;51;;1,28;99499;17143;126339;183398;34482;22822;0;11;557;221;13;2604;0;50,40
53;52;;11,07;243;677;403910;189472;27103;102656;0;86;2392;3601;1316;633;0;30,94
54;53;;8,82;1384;1681;77203;1015;660;6428;0;59;477;589;1323;1740;0;
55;54;;7,85;3849;6964;72945;2619;1247;3060;0;747;315;152;21;1979;0;
56;55;;6,98;2035;3933;108844;267295;53027;144576;0;324;462;971;1237;384;0;
57;56;;8,86;3358;17867;409014;684;3903;2854;0;1024;3253;3204;3489;4026;0;
58;57;;7,72;5639;7808;209946;7100;2786;4664;0;728;1824;1612;640;1703;0;23,45
59;58;;6,68;10408;14136;179240;7593;13016;7143;0;260;1295;1121;300;5592;0;
60;59;;6,47;918;1786;67311;9909;3080;5745;0;218;219;703;553;249;0;
61;60;;5,75;9769;7411;156425;20434;3578;4329;0;37;833;459;217;3797;0;
62;61;;4,27;21679;17784;150672;267726;41387;96178;0;616;878;338;228;805;11452;
63;62;;4,92;5132;7663;140593;16512;4246;2882;0;154;691;802;706;635;1281;
64;63;;11,92;2785;9988;353956;22364;6674;16035;0;125;3979;2392;1896;2588;0;
65;64;;12,17;31050;11270;486773;48561;4431;62844;0;1447;3209;1761;113;5527;0;
66;65;;11,07;206;5018;361738;17;2087;5703;0;80;1671;1713;57;0;0;31,97
67;66;;7,34;3390;3160;206619;4762;45714;25374;1467;762;503;29;316;1568;870;
68;67;;7,2;8835;16444;165432;133786;25102;52575;740;371;226;734;441;5639;0;39,92
69;68;;5,97;7944;8197;133027;1336;7022;1659;0;239;542;754;147;1964;0;
70;69;;5,3;1481;3052;44152;3152;397;771;0;157;211;1;382;238;0;33,46
71;70;;4,66;16357;689;124159;53447;8415;6404;0;15;717;796;168;932;0;
72;71;;4,74;43341;0;58775;24974;11361;11918;0;82;139;525;178;561;0;40,26
73;72;;3,71;127870;12744;134524;46618;18783;40619;0;121;502;728;22;918;0;35,75
74;73;;5,25;4472;8999;157238;9255;37251;2745;0;433;739;489;784;2426;0;36,09
75;74;;4,49;11727;6293;92326;17978;8222;3825;0;94;120;336;8;1165;0;42,82
76;75;;5,54;3464;11145;126062;11228;3168;4083;132;344;367;497;560;1880;0;
77;76;;4,74;7622;826;107658;41897;6379;5384;0;221;72;813;107;280;0;
78;77;;3,82;14920;6281;89235;35066;17310;19741;0;67;456;1273;129;502;0;
79;78;;4,2;4379;9563;41516;88837;11988;10355;0;17;83;335;9;385;0;
80;79;;7,13;2358;4537;129018;254;1064;1331;0;52;1017;693;267;1546;0;
81;80;;6,61;3270;4278;182743;828;1033;1367;79;510;2709;284;1227;566;0;
82;81;;6,01;841;981;95529;565;555;919;0;326;222;545;168;301;0;
83;82;;5,24;3063;8036;151308;659;2948;638;0;107;840;439;1677;1093;0;
84;83;;4,6;21866;266;62807;116030;10158;76112;0;16;369;47;617;0;0;
85;84;;5,75;1226;3206;88835;3535;1532;1039;0;51;338;953;243;467;0;
86;85;;6,49;11412;4244;241063;7927;2288;2573;169;436;874;1666;1482;708;0;
87;86;;5,89;4054;2796;71768;23156;4021;2813;0;12;364;39;371;240;0;
88;87;;5,39;2281;0;68084;11546;1623;874;0;94;51;229;7;1278;0;
89;88;;5,05;2967;5151;109696;948;31702;421;0;256;144;990;161;1194;0;
90;89;;4,27;3574;0;67764;35853;7287;7594;0;22;1140;277;27;0;0;
91;90;;3,24;3770;0;2852;32704;12520;5815;0;4;14;20;0;0;0;
92;91;;6,5;4522;2816;118148;8043;2105;1777;0;183;234;1284;92;691;0;
93;92;;5,85;7642;928;87693;57699;10291;12023;0;23;638;259;132;47;0;
94;93;;5,34;20871;14996;162761;73111;9956;13533;0;535;1187;962;713;3287;0;
95;94;;4,23;23432;5033;142173;105946;18392;10672;0;277;375;521;187;2350;0;
96;95;;3,33;40207;44006;104711;91142;23856;6894;74;460;958;363;31;1780;0;38,68
97;96;;6,09;12999;11244;97142;42793;10318;8336;0;130;266;311;568;4584;0;
98;97;;5,02;12596;1314;85253;50383;7981;6475;0;125;247;338;208;489;0;34,39
99;98;;6,36;6008;2134;78912;6921;2940;1146;0;281;227;230;202;564;0;
100;99;;5,53;10161;997;105263;17400;4040;7174;0;30;544;584;760;448;0;
101;100;;5,05;9553;3415;112169;9880;6488;1497;153;512;555;220;671;594;0;
102;101;;4,24;28562;3541;174921;73931;13544;14183;0;32;283;225;1380;1006;0;37,44
103;102;;5,02;24259;6103;123837;35775;6891;5494;0;195;519;352;203;1679;0;27,43
104;103;;4,29;23974;25180;111674;70332;16943;8373;0;24;570;157;627;3168;0;25,34
105;104;;6,06;3205;800;194019;3165;4007;960;0;95;1033;1847;937;388;0;
106;105;;6,46;4022;2469;39329;1818;13475;1125;0;291;18;204;9;737;0;
107;106;;5,87;11768;2327;145502;6423;4483;2676;0;475;560;563;457;1109;0;
108;107;;8,05;5241;3676;218423;1774;2648;477;0;290;902;1753;1481;605;0;
109;108;;7,18;18069;2858;122139;718;13217;2040;0;286;280;1094;636;801;40;
110;109;;6,42;3000;3818;117239;654;955;81;155;159;778;541;1298;428;0;
111;110;;7,57;3436;11547;80281;18753;28051;1543;0;137;368;152;373;2054;0;
112;111;;6,71;641;1092;39780;76;0;71;0;163;83;68;380;399;0;
113;112;;6,1;7812;4146;173034;4004;7815;1041;37;623;1130;650;1021;627;0;
114;113;;5,74;1295;3254;71732;915;1039;672;0;130;256;445;243;2475;0;
115;114;A;11,92;3630;8641;173589;95384;49185;30665;0;143;2605;3997;3551;1701;0;38,93
116;114;B;11,92;8550;3794;218805;2652;3717;3065;0;143;2597;3997;3839;2594;0;
117;115;;10,1;2763;2984;118448;1899;1564;1986;0;50;947;961;145;1230;0;
118;116;;9,59;6979;1136;155465;1086;1009;2710;0;152;1204;1158;600;267;0;
119;117;;8,83;1272;2131;89971;163;738;251;0;60;730;764;1126;1816;0;
120;118;;10,13;6141;19289;86509;6711;3764;3006;0;230;606;942;33;1366;0;
121;119;;9,34;8663;9715;111911;4441;12690;4185;0;66;355;1239;488;5911;0;
122;120;;8,69;3508;1955;73633;160;1555;414;0;178;1317;174;29;431;0;
123;121;;10,5;9155;8284;221705;21522;6020;8346;37;248;1594;2042;2248;2739;0;39,91
124;122;;8,93;2333;2914;127076;1170;19160;2174;0;249;914;1060;695;389;0;
125;123;;11,16;1612;3373;185500;190;1822;260;0;208;664;2136;2382;710;0;
126;124;;10,14;3904;7967;160776;179;4412;1148;0;322;1443;1350;944;2204;0;
127;125;;9,66;5677;4387;130242;639;917;757;0;102;1021;1087;880;528;0;
128;126;;8,53;5443;8002;153949;1284;3779;1480;16;500;727;1705;932;1396;0;
129;127;;7,76;1315;1954;60392;112;704;104;0;52;416;889;469;343;0;
130;128;;7,06;1677;2555;61839;22890;2337;8460;0;96;178;981;404;0;0;
131;129;;9,13;6317;5288;95202;307;1409;1326;0;210;714;693;570;2285;0;
132;130;;7,75;2433;5232;59382;1335;1324;1584;0;133;685;176;360;1615;0;
133;131;;8,97;8032;10310;164445;1943;4144;2343;0;319;951;1165;568;1555;0;
134;132;;7,82;272;132;181683;64;1624;2422;0;1216;1071;1044;409;0;0;
135;133;;7,25;9368;572;46593;347911;60965;135348;236;102;11;96;8;0;0;
136;134;A;10,15;9597;5566;722163;1563;1971;9034;171;2146;4561;4744;3580;2768;14100;30,97
137;134;B;10,15;4054;8881;166922;4083;1108;5288;171;2146;4561;4728;3013;1895;0;
138;135;;9,3;2693;10084;127249;12639;3049;4425;0;303;680;1007;862;2517;0;
139;136;;9,83;12905;21840;179886;122215;21477;27604;0;361;1433;1241;748;3714;0;31,00
140;137;;10,86;1443;6725;141209;270;1710;3262;0;446;408;1269;437;846;0;
141;138;;9,51;20109;442;190706;3938;1661;48799;0;368;3937;1;69;0;0;36,89
142;139;;13,69;0;0;16488;644840;1247;0;0;0;0;265;0;0;0;43,00
143;140;;8,98;9423;5482;575724;165;2492;3617;286;3169;4019;1840;999;5057;0;
144;141;;13;4476;10813;182894;254;1370;416;185;248;609;1147;488;1953;0;
145;142;;12,07;35880;17996;191178;5723;17684;17853;0;354;1243;1024;509;6716;0;34,64
146;143;;11,52;35513;18573;134461;1461;51870;23615;808;537;167;2;940;4659;3158;
147;144;;11,09;3073;3018;98705;1069;8872;7821;0;481;636;331;26;1311;0;
148;145;;11,76;3192;16465;132483;1192;4183;925;0;22;313;170;681;2414;5507;
149;146;;11,28;3256;11610;143265;977;1926;1616;0;367;951;540;34;2949;0;
150;147;;13,42;4607;10671;150410;1443;1186;593;0;65;198;957;1122;3247;0;
151;148;;14,04;6289;4221;95245;807;740;1238;0;452;517;560;28;2496;0;
152;149;;14,3;3035;3834;143369;905;469;781;0;381;1053;939;44;4139;0;
153;150;;13,22;54015;47850;154804;4867;9621;11332;0;655;504;412;29;10078;0;
154;151;;13,04;23909;13019;265144;85335;24582;25885;39;281;2487;1021;649;3055;12160;
155;152;;11,81;15748;372;11428;112450;10100;175010;0;22;7;502;10;459;0;
156;153;;15,05;8721;16003;454696;9339;7554;21047;0;1453;3960;1267;1416;6928;0;30,41
157;154;;15;6726;15752;1105277;149;3287;3600;0;2458;6591;8931;3559;8538;0;
158;155;;2,28;52014;55983;167172;53810;108528;32590;0;409;624;372;147;2698;46732;
159;156;;4,06;8219;9021;213385;7437;93105;22691;1025;420;345;1;30;0;2961;76,23
160;157;;3,18;67330;15285;225185;16746;166066;10920;199;328;1667;118;43;619;0;
161;158;;3,99;88283;5563;108987;11968;149759;5160;258;73;298;49;10;1317;0;
162;159;;1,71;52427;18966;231083;10360;126211;15134;247;871;25;22;557;1097;11168;
163;160;;2,59;59903;39052;340907;19378;266819;14433;2119;3110;1607;2;132;3423;13653;64,33
164;161;A;4,22;102947;18795;599774;34697;233063;21697;1349;2639;2058;514;125;1902;11799;80,48
165;161;B;4,22;10767;384;5132;760;4792;90;1349;2595;2058;514;125;0;0;
166;162;;4,92;51200;26136;341080;21560;124747;8371;1119;935;785;578;66;3410;3179;
167;163;;1,91;64174;8597;228715;23783;106117;11542;0;330;1276;246;33;1553;5919;49,57
168;164;;2,7;66718;23134;391312;41777;70356;16565;310;1797;206;366;48;3365;10510;50,16
169;165;;3,49;40481;55224;556698;29693;78845;32685;87;2457;962;530;1427;1304;36247;65,17
170;166;;4,17;16201;21116;378509;19525;41799;6229;75;2260;840;660;68;24;4087;78,66
171;167;;5,17;7303;1236;630595;29507;25446;5723;994;2163;2390;1104;320;806;29;75,76
172;168;;5,14;16766;31302;337606;10735;20173;8547;1768;1206;133;1;58;3169;0;71,74
173;169;;5,4;13462;27415;343982;10733;11326;14091;1663;536;986;205;65;1929;2229;
174;170;;7,11;27275;383;173494;10612;26568;22767;360;240;46;0;13;0;0;85,36
175;171;;6,88;39553;10881;297812;14987;38403;52327;799;263;111;152;26;634;0;88,88
176;172;;7,77;15045;16761;327030;12746;30798;27378;2934;183;48;73;62;2100;983;88,55
177;173;;8,62;20094;2092;248056;9239;11345;32340;974;520;168;1;32;504;0;
178;174;;9,45;23092;12711;205802;6521;16104;33018;947;80;15;0;21;1804;0;
179;175;;10,3;50019;6554;245312;9250;9404;32592;670;906;269;1;35;858;0;
180;176;A;11,52;5825;8557;320897;12324;2825;37786;1380;770;222;13;179;1801;0;69,94
181;176;B;11,52;11966;1991;106661;1908;2287;9819;1295;770;222;13;179;224;0;75,84
182;177;;7,9;15371;9072;466236;24852;47214;28610;2158;409;143;1;46;1144;0;68,77
183;178;;9,27;28337;10432;138352;3264;9887;43564;1012;217;285;1;28;716;138;73,43
184;179;;12,06;9926;1279;259111;12444;7319;18139;1617;355;111;1;41;0;0;74,50
185;180;;13,3;26386;11560;34470;3470;34851;34257;1023;0;5;0;6;2038;0;73,27
186;181;;9,57;2744;24688;475309;24383;46382;123383;2173;199;30;1;45;4799;4323;86,90
187;182;;15,11;9523;25044;769924;4140;5551;38161;1663;944;37;1;48;4195;0;78,12
188;183;;16,52;15226;10255;180435;3754;11383;5115;134;570;2016;926;945;4312;0;45,07
189;184;A;6,38;4894;0;168575;5925;5200;3336;2186;1572;851;171;90;0;0;75,48
190;184;B;6,38;33335;6805;228126;19882;260933;9202;2170;1572;851;171;90;0;0;
191;184;C;6,38;12486;540;438428;24237;75146;7482,5;4242;1572;851;171;90;0;0;70,09
192;185;A;5,57;2862;7815;189143;4243;3195;2320;678;2394;979;604;87;1047;746;
193;185;B;8,94;1807;0;136284;7931;15601;4596;678;2394;979;604;87;0;0;
194;185;C;9,81;32152;2977;478615;24144;52415;10239,5;678;2394;979;604;87;221;0;
195;186;A;10,69;0;15634;64109;3253;4690;1847;1965;1979;1631;25;445;747;0;
196;186;B;12,8;7655;3772;153255;5990;115;9678;1965;1979;1631;25;445;1258;0;
197;186;C;6,06;25376;6504;104444;18179;258557;10278;1965;1979;1631;25;445;0;0;
198;187;;9,61;2049;5695;380568;13253;3015;11653;1755;556;868;1;47;697;0;66,30
199;188;;10,53;8677;380;126734;2199;4671;3203;467;0;95;0;9;728;0;68,13
200;189;;12,09;21639;8191;175257;3751;5612;15153;1035;116;128;39;26;659;0;
201;190;;13,45;37632;19591;255978;14428;90478;46923;1034;58;56;0;22;995;6137;75,42
202;191;;9,26;24946;10200;520987;22765;26704;22135;430;551;1409;762;53;1115;0;72,05
203;192;A;5,57;30359;1389;330335;22570;176274;6975;482;1691;1050;166;64;0;0;
204;192;B;5,57;15695;5760;274200;20472;134822;6334,5;482;1691;1050;166;64;3824;0;
205;193;;8,94;31981;24560;572846;26053;43895;14511;2281;967;1763;2;95;2323;0;58,55
206;194;;9,81;23126;21860;209246;6784;3711;6094;264;492;800;235;23;597;10007;79,82
207;195;;10,69;13259;10689;321238;9212;14656;16946;1639;1817;335;1;72;1110;0;
208;196;;12,8;1510;6837;377745;6551;3714;57427;1098;133;18;0;24;2447;0;79,81
209;197;;6,06;6859;29717;478087;21310;13028;8709;1402;1651;593;1;68;80;10024;68,52
210;198;;9,98;8828;17198;222875;4313;3296;13263;1013;269;860;1;36;1319;0;82,51
211;199;;6,4;27245;4804;560871;28342;11318;19198;1739;1730;933;1;83;1181;0;57,80
212;200;;7,56;17352;4951;852754;36250;9300;23397;2832;3007;924;212;126;1068;0;63,51
213;201;;8,57;11993;22643;630115;19806;5483;14883;2676;1792;716;214;447;1563;0;70,82
214;202;;9,38;10915;2227;269720;4779;5541;6995;622;1326;774;1;51;2128;0;
215;203;;10,06;46458;3710;325740;12938;3443;14151;1573;1953;588;227;82;53;0;
216;204;;3,92;66951;20903;776151;37905;80451;39403;565;2557;3989;862;752;1754;0;56,33
217;205;;4,62;27792;16470;352074;14471;16604;13802;492;1109;1686;80;234;1710;0;45,96
218;206;;5,99;6760;1005;324037;6636;2600;10036;622;510;916;597;281;40;0;71,06
219;207;;5,28;57568;24287;787139;41528;41998;46146;2341;2010;3664;627;151;502;1732;67,23
220;208;;6,68;15297;25110;334453;8980;24484;8170;743;509;804;651;337;4572;0;43,30
221;209;A;3,82;66401;17943;467366;55203;41110;22329;512;1410;4660;2045;348;1323;2447;55,42
222;209;B;6,54;46005;6133;366367;33626;30974;14683;512;1410;4260;1858;348;739;0;
223;209;C;6,75;22309;673;69395;63212;32831;17704;512;1410;4415;1858;348;634;0;52,60
224;210;;4,45;3305;3685;137201;3776;40834;2132;535;557;287;542;208;247;0;
225;211;;4,9;28790;28499;445668;25555;41923;23498;0;773;2009;942;488;3269;207;37,42
226;212;;5,84;17780;46863;491138;16870;14465;15558;1724;752;1621;551;364;6613;9187;47,61
227;213;;6,97;14776;9916;251413;4668;5391;24570;450;1155;1292;294;282;1210;0;
228;214;;6,97;18747;18421;285384;11109;12542;20322;123;1358;1645;584;62;4260;0;62,42
229;215;;3,69;21766;5687;110705;54327;23633;15030;44;717;697;531;27;0;0;49,63
230;216;;4,22;1096;3578;98606;1194;1769;1005;0;418;409;466;287;245;0;
231;217;;5,36;11621;29618;259637;7784;15919;16745;239;293;1661;410;48;2742;1462;
232;218;;6,18;15463;24662;265255;6522;5527;7602;918;1330;955;511;417;3297;18340;
233;219;;6,98;3735;11161;147626;311;2786;1187;0;522;1246;1051;308;1918;0;
234;220;;4,81;9401;38218;65010;122672;45413;22433;0;300;57;533;183;0;0;
235;221;;3,82;3734;1796;227847;29067;18496;515;84;356;516;482;476;495;0;
236;222;;6,54;6259;5957;243628;5079;4388;7234;835;1350;761;1;48;957;0;57,81
237;223;;6,75;18497;1569;113386;3928;12485;8567;155;292;6;0;8;150;0;49,41
238;224;;8,73;4479;2372;186521;15135;848;3833;448;18;11;349;15;474;0;
239;225;;11,44;4744;21970;456845;16943;3975;25479;2431;96;33;1;44;2883;0;73,34
240;226;;7,9;16562;1189;156171;3594;1423;7584;620;135;581;0;23;51;0;70,85
241;227;;8,11;26800;16464;389535;9175;10144;16005;3464;1054;509;792;332;2700;0;71,42
242;228;;8,21;11311;14191;256283;4486;11336;6638;759;789;149;1;32;2265;0;
243;229;;7,78;8335;11852;109739;3445;4155;1397;248;592;306;94;20;1119;0;57,12
244;230;;8,56;8621;4231;240609;4545;3233;5880;625;535;834;138;240;1374;0;
245;231;;10,71;1833;4671;55388;12200;3410;10318;65;129;76;46;25;479;0;
246;232;;2,93;7533;398;95391;41100;5074;1339;0;230;767;121;394;0;0;30,51
247;233;;2,5;19864;15954;207432;40981;7267;3409;0;150;258;1142;31;2406;0;36,70
248;234;;1,9;23750;5912;122765;38481;6838;4004;0;247;853;588;34;987;0;
249;235;;1,18;21822;315;147036;24439;37014;2320;0;617;25;1687;118;0;0;54,41
250;236;;0,85;71554;35176;309600;61052;191378;5642;0;323;2516;2879;84;0;410;47,52
251;237;;0,45;68363;20257;94521;30379;242959;4407;1;130;739;72;19;0;748;
252;238;;0,95;63400;21379;197560;12242;106769;6734;154;491;485;908;42;0;7965;
253;239;;2,65;48067;4210;159755;49556;12338;5988;0;265;681;603;2021;2651;0;
254;240;;2,15;44594;1325;133237;38565;13182;7129;0;260;429;444;19;2110;0;42,45
255;241;;1,51;44678;26440;204482;50913;27149;9685;0;543;1683;1538;75;6197;3687;
256;242;;2,56;17947;31285;143424;19709;57309;5253;0;29;1128;305;332;2687;0;
257;243;;2,03;27435;16031;160679;14053;30016;5030;304;524;925;122;1345;5332;0;28,71
258;244;;1,37;55113;38201;269598;35914;64845;13890;29;1361;1479;534;69;1489;3717;
259;245;;0,84;81863;32076;342940;51602;253235;11109;0;325;1892;1329;59;3168;7223;56,85
260;246;;0;514215;17886;137939;83472;816611;44926;0;269;614;214;22;0;1956;
261;247;;2,61;77742;19710;111665;58007;61787;11042;390;241;270;148;17;311;0;
262;248;;2,06;36031;48916;160068;33444;36688;4910;0;497;734;496;249;0;15580;
263;249;;1,45;61037;45753;204585;34228;66534;3286;243;99;2833;1012;654;6432;38321;
264;250;;2,84;163935;14372;111075;151859;45715;9594;0;17;446;227;13;2621;0;
265;251;;2,25;90820;144550;444012;103119;89487;15367;120;398;1879;2703;499;4516;113406;43,41
266;252;;1,8;74431;199108;450464;55966;99250;17971;0;508;3029;1268;756;4147;88559;50,03
267;253;;1,27;35902;74427;176347;26102;116408;35426;0;996;774;532;453;3433;37461;44,35
268;254;;1,09;105497;31685;326537;75741;194235;13148;339;143;1321;1300;310;24;25113;123,21
269;255;;0,73;114331;57428;366469;68637;123915;16776;213;1293;1865;3087;411;3474;23093;47,65
270;256;;0,82;63266;63022;433796;44541;174975;18848;0;1811;2227;1568;601;1961;8806;57,81
271;257;;1,3;46519;4816;156854;48622;19422;6891;0;15;485;1520;34;0;0;55,39
272;258;;1,35;89550;34237;636741;123285;42617;21735;280;693;4092;4306;901;4910;9554;50,27
273;259;;1,6;60693;9390;451021;56522;41148;14722;0;1068;1994;1938;82;0;1817;40,92
274;260;;1,91;69817;8433;221836;56062;47606;12315;0;666;960;1840;935;1315;0;42,76
275;261;;1,8;72290;7509;113081;58246;20240;12945;67;328;741;263;25;1667;0;
276;262;;1,95;128435;24784;237919;106827;45029;15771;0;376;1181;1317;814;3019;0;49,03
277;263;;3,44;69333;11571;127346;101569;28509;17170;0;373;943;729;36;1288;0;
278;264;;3,79;9523;7396;60996;34519;157940;13072;0;216;446;128;14;873;2933;
279;265;;2,77;84106;17704;268598;146961;35460;11779;0;561;1020;259;1267;1473;0;34,06
280;266;;2,68;100124;30859;154012;136040;55657;14332;407;391;372;185;707;4346;0;40,61
281;267;;2,42;43744;4897;141322;59454;111023;11948;0;447;319;395;309;1723;0;39,10
282;268;;3,21;106065;3183;298694;221229;64419;21168;21;592;155;1365;1381;669;0;43,35
283;269;;3;36384;9416;162590;79626;30120;7616;0;23;685;827;253;795;0;
284;270;;3,98;27843;19100;159103;43815;10670;5452;0;287;552;1316;334;1216;0;19,10
285;271;;4;18121;0;81561;96934;13033;17879;0;283;136;747;20;0;0;
286;272;;3,67;43295;16509;130135;63050;27615;3561;0;42;246;882;1877;1916;0;
287;273;;3,66;154697;2846;54698;95653;23824;13696;0;327;648;0;17;777;0;
288;274;;3,73;76672;1201;146584;154398;31181;9663;0;80;804;1377;709;522;0;44,78
289;275;;1,17;24234;40142;194938;13986;43789;5440;444;2;1067;167;30;833;8783;
290;276;;0,63;191618;6315;129471;58358;138421;9803;0;205;715;1037;34;0;3753;
291;277;;0,45;160167;23650;61695;38480;833328;38712;0;6;249;535;16;1316;1149;
292;278;;0,66;49296;16036;163877;10079;78555;3943;0;428;982;859;39;198;0;
293;279;;4,46;10259;8427;149185;98893;18934;11764;63;865;756;551;220;721;0;
294;280;;4,83;13884;7513;196415;191357;67099;29378;0;140;487;1321;243;1240;5116;40,90
295;281;;5,11;2020;7858;66473;69170;7408,5;34556;0;13;78;102;525;804;0;
296;282;;5,72;7540;4736;169761;71603;11284,5;2080;0;172;416;956;1116;1001;0;
297;283;;5,88;2195;24524;136921;132149;19282;5004;0;18;554;762;164;481;4832;
298;284;;6,46;7314;6461;137106;34679;10915;3966;0;21;339;1487;36;1190;0;
299;285;;7,14;16388;17890;273817;32690;10216;5020;183;690;1137;510;617;2485;0;
300;286;;7,39;8680;1390;177193;48065;18748;3872;77;225;1196;835;949;1458;17354;51,16
301;287;;7,91;6419;3375;63223;61415;5402;3126;0;4;292;1;467;0;0;
302;288;;8,28;8811;1890;99310;833;1817;355;0;371;773;136;154;0;0;
303;289;;8,53;13057;3019;142255;7369;2622;1212;0;361;584;267;169;824;0;
304;290;;5,83;11430;0;56700;61427;7278;561;0;3;312;2;287;0;0;
305;291;;6,54;6680;4383;76975;37529;5589;2072;0;12;179;922;20;674;0;
306;292;;8,48;4814;2606;62785;1674;1781;1395;0;627;403;89;18;59;0;
307;293;;9,11;2765;6889;123118;946;2193;1813;0;57;251;1124;238;377;0;
308;294;;9,27;3345;13197;123148;782;5511;15214;122;64;1085;939;506;393;0;
309;295;;10,32;18262;15059;204643;48856;16195;6763;0;236;1493;781;1212;1857;0;
310;296;;10;19760;4635;71744;109104;12224;9342;0;488;19;491;313;803;0;
311;297;;11,3;4699;7940;80885;2166;5232;1550;0;118;589;322;120;1570;0;
312;298;;11,81;5894;4622;85186;25113;8192;12325;51;491;21;467;575;1772;0;
313;299;;12,68;19420;32824;597900;17581;12692;4582;0;1403;2452;4317;2650;7846;0;18,70
314;300;;11,91;3302;2365;136285;756;2706;1037;0;149;626;947;832;933;0;
315;301;;15,53;5506;6716;153723;1584;4586;990;0;220;917;1053;1368;1300;0;
316;302;;15,63;4862;9597;135054;1471;4093;480;0;86;588;1293;1424;1808;0;
317;303;;15,48;6005;10810;193207;994;8034;1770;0;95;1927;1020;1362;1315;0;
318;304;;16,09;10696;6414;189192;2112;8797;11681;0;357;2097;1491;1294;651;0;
319;305;;19,89;8751;26476;79701;69491;10988;11562;133;7;102;88;193;6540;0;
320;306;;9,69;7851;2685;146864;6765;1649;979;0;688;513;725;1087;950;0;
321;307;;11,61;2936;9739;123952;764;6388;7000;0;383;87;453;420;1357;0;
322;308;;11,79;2559;2216;111614;1079;2586;212;0;172;897;924;757;852;0;
323;309;;12,45;3121;8558;115070;1099;4759;1773;0;232;818;462;685;1215;0;
324;310;;12,61;2596;3077;118674;540;1862;291;0;70;823;1011;954;1943;0;
325;311;;12,41;14896;8400;120480;1341;40426;3904;0;69;899;1226;972;328;0;
326;312;;4,58;43159;18231;319161;44295;44016;15930;224;354;2213;362;245;1546;10741;39,78
327;313;;5,37;2922;17158;205998;5226;18622;2148;628;320;1261;248;225;3304;275;43,99
328;314;;5,6;14861;29600;135021;116198;33098;23755;0;21;859;972;940;3024;3494;38,41
329;315;;5,92;6929;1983;213890;8959;8044;3376;273;1164;661;364;41;93;0;47,32
330;316;;6,17;15248;10086;200340;42613;10596;10991;0;613;1141;200;965;2021;0;33,96
331;317;;6,55;17487;18729;339089;16016;15518;6817;181;1156;1372;509;1070;3190;0;38,80
332;318;;6,81;25055;20940;181445;230684;75877;13172;0;308;1192;158;427;3613;0;36,41
333;319;;7,26;16152;8483;220246;40052;8665;10825;0;85;2038;373;774;450;0;33,11
334;320;;7,49;23121;24548;234889;36035;15326;16404;0;708;923;630;878;3568;0;37,12
335;321;;7,95;42765;3437;430382;23775;27803;18047;0;736;1895;2846;553;2253;0;33,16
336;322;;4,68;29342;5761;110161;97059;28768;40758;0;170;733;155;426;856;0;45,62
337;323;;7,76;5350;652;74701;9993;3149;2181;0;24;199;429;374;0;0;
338;324;;8,34;11607;4422;118614;22728;5807;4760;0;39;661;420;691;985;0;
339;325;;8,42;23046;5082;161923;30671;9518;7836;165;434;260;386;196;697;0;28,84
340;326;;9,06;53137;25655;397939;74041;30857;12649;0;656;1803;1720;858;2931;0;34,50
341;327;;9,07;21564;3931;232395;15399;23906;12724;307;262;931;1530;767;2196;0;
342;328;;9,84;26545;7524;234809;79455;15541;12277;0;177;505;1094;1585;2166;0;
343;329;;10,32;20985;19443;201860;17013;10050;3838;154;81;568;449;158;1606;0;32,26
344;330;;10,37;12124;17307;160168;15203;7409;1203;0;43;752;609;290;3387;0;
345;331;;10,46;17152;11770;189420;29083;17197;16612;0;536;1002;1265;154;2477;0;
346;332;;11,19;8781;13948;48937;5560;8288;537;0;116;202;197;159;3707;0;18,58
347;333;;11,25;19198;42725;160427;21290;61929;16484;0;132;903;1228;696;4239;0;33,12
348;334;;11,74;10230;7751;102880;10683;6717;329;0;364;935;2;909;2281;0;27,36
349;335;;11,54;4557;5250;59236;17571;5759;1376;0;347;8;268;11;538;0;
350;336;;12,83;24800;34542;135442;17125;6995;15615;104;266;774;373;29;2948;0;
351;337;;15,29;8689;3896;49831;7233;3538;6923;30;844;333;180;1537;720;0;
352;338;;13,76;3919;3548;78081;7375;1410;946;0;236;595;351;672;520;0;
353;339;;13,92;10107;5587;186906;7255;5265;611;0;122;822;1150;1604;1916;0;
354;340;;14,33;13943;1583;210819;5964;2682;1107;130;72;731;1134;1179;1252;0;24,83
355;341;;14,5;3563;9967;112954;927;2826;704;132;189;175;786;870;4107;0;
356;342;;14,91;3756;14861;130939;3828;1749;1329;0;137;660;497;1044;1545;0;
357;343;;15,43;9877;16624;418147;4920;4262;4489;0;423;3234;3944;2804;5005;0;
358;344;;15,49;6494;8196;205745;5707;4396;738;0;438;1901;639;364;3159;0;
359;345;;12,28;5275;5685;167557;7401;2226;1198;0;176;812;472;1027;1166;0;
360;346;;5,19;8596;4844;211594;8505;2619;2544;0;690;531;697;530;556;0;
361;347;;4,59;4090;1594;121128;4379;1612;3979;0;36;920;338;364;135;0;
362;348;;5,36;4305;1588;141517;3564;4675;1841;0;16;694;5;320;511;0;
363;349;;5,92;4614;2680;223796;789;4501;2338;0;104;1065;1746;630;483;0;
364;350;;6,37;8675;4261;164424;8548;5619;2098;407;139;241;413;260;741;0;
365;351;;6,92;18823;1352;111297;2948;7098;22255;60;245;273;606;63;166;0;
366;352;;7,51;2517;11234;99442;871;1780;1397;0;26;333;465;15;1097;0;
367;353;;7,55;5681;16400;182643;2431;7380;12357;0;385;571;2090;1152;2110;0;
368;354;;8,26;6053;5290;170101;2090;5096;2783;0;581;300;1382;258;544;0;
369;355;;8,78;3114;6875;152727;1957;3479;3229;0;241;872;753;503;1993;0;
370;356;;9,44;2770;5919;166394;1399;2248;5118;0;79;569;1056;1576;832;0;
371;357;;5,18;5472;718;89813;1220;9676;1346;0;339;103;344;14;208;0;
372;358;;4,32;18211;3385;57960;38316;5812;22908;0;13;594;0;197;993;0;
373;359;;5,93;2104;3237;61356;2525;907;848;0;33;228;551;261;1199;0;
374;360;;6,7;3532;8990;135336;685;2579;1244;0;34;782;384;230;609;0;
375;361;;7,57;3501;7886;135319;453;1957;1144;0;303;476;278;250;2375;0;
376;362;;7,55;16745;16456;177246;5939;5385;2384;0;353;603;818;615;5168;0;
377;363;;8,75;5871;8787;136540;1396;6131;1514;21;157;568;677;411;519;0;
378;364;;8,73;4546;3873;132096;1705;1552;1309;0;237;939;106;882;257;0;
379;365;;9,7;2958;8060;158858;1089;5669;1264;0;173;349;1572;1253;1396;0;
380;366;;9,48;5281;3257;116823;5697;4690;1011;0;73;1431;810;996;500;0;
381;367;;10,13;1882;1878;115327;213;2719;992;0;387;1148;414;522;0;0;
382;368;;10,77;2987;4711;167962;401;1687;2082;0;414;1374;1080;350;1052;0;
383;369;;10,93;9400;7608;122263;59139;10189;11337;0;328;277;2078;544;2649;0;
384;370;;5,71;50119;344;48173;41917;10026;147561;0;22;264;375;568;0;0;
385;371;;16,77;9098;8865;347782;15042;13854;6049;291;403;3212;1002;996;1503;0;
386;372;;16,16;14897;2227;167938;12074;3574;1741;0;39;402;768;63;1912;0;31,02
387;373;;16,1;4116;13371;185578;4200;1924;1589;91;145;1892;1981;1531;3205;0;
388;374;;16,7;6615;7926;386620;570;11082;1361;0;18;1866;2649;2094;3416;0;
389;375;;16,66;11362;6525;212095;6178;5183;2921;0;197;1481;1184;1461;2499;0;
390;376;;20,63;786;24905;539667;20637;3055;2199;0;91;2254;5101;6803;4822;0;33,01
391;377;;17,53;154754;46979;200492;15736;94567;20307;0;448;637;305;412;10742;2570;33,05
392;378;;17,62;11537;21363;406523;24507;21582;41006;0;911;2410;2627;3104;3536;0;
393;379;;18,43;16501;32187;132152;9257;8428;1477;140;659;17;79;234;7230;1892;
394;380;;19,04;8977;10025;155077;5991;5247;3215;512;790;549;85;285;2000;0;
395;381;;18,98;1275;3422;194072;20620;4745;7435;0;248;1992;2009;256;2322;0;30,36
396;382;;20,05;4257;7569;128754;48616;7237;3269;0;474;510;607;29;3183;0;
397;383;A;15,95;602;240;6555;199790;20528;115892;0;415;706;1849;1049;111;0;
398;383;B;15,95;2096;0;1900;301260;40052;111604;0;415;706;1849;1049;0;0;
399;383;C;15,95;12776;7257;240810;450177;47085;117178;0;415;706;1849;2228;1550;0;27,01
400;384;;5,45;13865;13542;172326;416515;68750;52337;368;989;552;218;41;774;1234;
401;385;;6,11;30411;13541;162746;293456;50094;23850;0;415;886;445;282;491;0;40,30
402;386;;6,57;3777;9379;190808;6670;7675;6438;0;366;707;1577;712;1311;200;32,79
403;387;;7,39;5305;7468;204574;2265;5171;550;0;615;1654;250;1037;1669;0;
404;388;;6,57;4537;6464;127533;86512;21732;4381;225;301;493;1127;330;962;0;45,98
405;389;;7,7;8057;10537;374774;5979;11829;5478;1164;608;1340;539;65;1883;0;38,11
406;390;;6,56;1030;112948;73335;37969;6095;10115;0;38;320;902;20;0;21788;42,62
407;391;;7,43;9201;1844;186488;4089;7431;832;67;681;1569;683;341;1110;0;
408;392;;7,96;2635;1688;106458;1264;3229;3481;83;387;307;988;35;178;0;
409;393;;8,64;28311;1157;199697;6253;4257;3703;509;383;1133;463;639;1181;0;43,78
410;394;;7,8;28652;13561;118382;39122;18698;8827;0;199;1255;302;557;2498;0;
411;395;;8,98;2207;6257;175719;540;5178;1394;0;650;1245;1178;311;1566;0;
412;396;;10,07;7543;5933;218971;33727;5999;4127;0;1008;1794;1001;1093;1234;0;
413;397;;8,81;7267;6620;119986;604;2258;5270;0;351;1072;675;1160;943;0;
414;398;;7,91;10689;4811;42037;1382;5446;1002;0;20;10;280;439;1537;0;
415;399;;8,82;5754;4723;136408;719;2427;527;89;491;1532;1537;993;2239;0;
416;400;;8,04;925;563;38622;202;1408;194;0;162;398;1;309;0;0;
417;401;;8,44;61791;0;0;0;1719;0;0;0;0;0;0;0;0;
418;402;;10,7;6837;5409;129983;1016;2766;1486;0;1041;904;742;1254;2094;0;
419;403;;9,48;54502;25345;278084;11202;27588;18562;526;475;1449;590;962;1847;621;38,67
420;404;;9,35;23417;2641;62403;35070;4221;6339;0;188;404;186;224;15;0;
421;405;;10,36;38628;34817;327549;4693;16990;18975;0;944;1852;1168;944;5553;6083;29,85
422;406;;10,75;4607;14033;274869;5244;6561;1526;166;639;1416;1203;1318;1906;0;
423;407;;11,18;1744;6943;179650;410;1736;30446;0;657;1165;1670;761;1280;0;
424;408;;11,9;1056;26090;93155;2226;5921;642;583;28;328;151;943;4375;0;36,02
425;409;;12,57;1469;13925;137309;3689;3327;2699;18;149;621;2305;831;640;146;
426;410;;10,52;4834;8392;219607;1643;2080;1127;0;254;1016;1192;1213;207;0;
427;411;A;12,06;12452;1180;452249;2378;6087;4700;1217;4133;3718;1221;1604;1250;0;
428;411;B;12,06;3458;9377;604736;1422;4072;2645;1217;4133;3734;1273;1604;2985;0;36,30
429;411;C;12,06;0;8558;650;0;0;0;1217;4133;3718;1221;1604;2525;0;
430;412;A;14,26;5400;8641;168499;2319;574;2695;0;303;352;287;16;834;0;33,86
431;412;B;14,26;0;0;80;0;27;25000;0;303;275;287;16;0;0;
432;412;;14,26;83;0;3376;0;60;1306;;;;;;;;
433;413;;11,67;3036;3801;64351;140;395;212;0;110;18;367;411;742;0;
434;414;;12,41;17989;9007;447985;3477;7461;5962;0;1411;3472;3149;1718;2907;0;
435;415;;12,65;27576;21250;435615;3440;8285;13670;238;1098;2705;1336;789;6526;0;
436;416;;14,34;2343;10658;327947;989;2354;826;0;159;2294;2175;1957;1541;0;
437;417;;15,12;3009;602;217228;498;452;239;233;732;447;290;32;456;0;
438;418;;17,58;4848;9275;244784;3187;4489;3958;0;274;1632;575;224;7913;0;
439;419;;18,81;81549;49295;884268;16259;23213;124676;0;1763;5289;7836;2214;9406;0;
440;420;A;19,55;1452;7836;543400;204;513;1857;0;1400;3385;3276;256;1049;5532;30,57
441;420;B;19,55;0;0;37096;0;0;0;0;1400;2999;3049;129;0;0;32,09
442;421;;19,17;5718;56710;228699;13405;8794;11087;0;107;1777;1739;1452;4155;0;21,09
443;422;;18,89;17050;23648;72964;1273;4050;16768;450;0;634;218;103;2320;14219;27,48
444;423;;19,56;1628;3626;197957;436;1073;112;0;434;1168;1332;1476;3369;0;17,80
445;424;;19,72;1099;4297;95796;832;199;241;0;33;740;431;511;2829;0;
446;425;;19,87;56121;10941;87129;10471;35881;22045;0;35;20;349;974;2319;0;
447;426;;20,37;4826;12003;126081;148886;22086;126152;95;211;534;952;397;4559;0;
448;427;;20,41;748;3155;89819;84;348;52;0;497;738;363;890;984;0;
449;428;;21,07;2091;2367;87450;2064;1201;1599;0;240;1593;461;40;45;0;
450;429;;21,1;607;3459;57740;157;2204;581;0;58;182;1289;27;875;0;
451;430;;20,96;7490;2800;166472;3872;1726;1504;0;678;1143;595;483;1045;0;
452;431;;21,19;6301;4746;53003;69287;7598;18723;0;361;282;293;17;1296;0;
453;432;A;22,2;7796;41888;1107324;1385;10980;32937;181;1604;6013;14677;8436;12381;0;23,23
454;432;B;22,2;1177;3618;303835;174;621;86;181;1604;6013;14478;8688;0;0;
455;432;C;22,2;0;0;0;56166;0;0;181;1604;6013;14478;8252;0;0;
456;433;;14,33;8;0;105392;25;40;9;0;4;76;337;7;0;0;
457;434;A;9,04;250;9308;74310;3602;1229;4655;0;20;321;2239;270;741;0;
458;434;B;14,91;7229;3580;122445;40870;4250;24621;0;20;321;2239;270;446;0;
459;435;;13,74;19549;6684;1276;349019;33655;230531;0;16;110;122;198;0;0;
460;436;A;24,89;1374;0;47199;29530;905;19477;731;913;1638;1992;1000;392;0;
461;436;B;24,89;5755;4253;26301;15373;3656;4113;731;913;1638;1992;1000;384;0;
462;436;C;24,89;8858;6910;382301;17540;3572;46194;731;913;1638;1992;1000;2200;0;
463;437;;8,27;14969;11846;111009;262237;110746;119853;0;325;371;240;82;1343;0;40,13
464;438;;9,98;2450;2451;323005;14997;7374;6947;0;581;2230;434;223;1808;0;39,06
465;439;;6,89;2672;3042;144215;3518;1570;19222;1313;195;45;0;28;77;0;59,90
466;440;;13,21;1499;0;31241;1363;3689;13800;61;121;71;43;24;0;0;
467;441;;3,45;6218;10346;144917;1968;3747;20398;0;675;595;158;1556;2217;0;
468;442;;18,62;0;2559;80981;3599;1845;11014;377;508;264;0;17;0;569;58,21
469;443;;15,97;990;3582;177440;2713;672;156605;0;234;260;388;121;163;0;43,69
470;444;;13,95;3040;326;554;456012;57500;232587;0;0;1;16;1;0;0;
471;445;;16,55;4053;16882;511718;200408;18072;118953;0;470;6226;6019;479;2422;0;32,56
472;446;;18,01;12017;9698;607804;2501;4713;7485;777;1153;3645;1000;122;3390;0;35,70
473;447;;17,11;11947;17198;294078;5108;13390;13670;0;63;1784;3462;1468;238;0;28,65
474;448;;17,5;16202;3891;1106804;389;2789;6231;0;1598;9307;7609;865;2767;0;28,40
475;449;;12,69;7306;7637;26312;221039;72708;382428;0;29;115;695;175;0;0;19,04
476;450;A;12,71;1464;0;1662;926175;136148;357807;0;3;13;79;19;0;0;
477;450;B;12,71;23450;856;3687;996929;144992;559448;0;3;13;79;19;0;0;
478;451;;25,56;11940;14524;299555;31954;10968;21586;0;370;865;1486;648;2587;0;
479;452;;20,44;93145;4990;83319;273964;21955;88598;0;178;383;707;23;909;0;
480;453;;10,95;10147;6019;638822;16524;2293;8311;403;1212;3230;562;70;1889;0;38,58
481;454;;3,09;5505;10392;160030;15975;9031;5943;0;42;846;543;353;3666;0;
482;455;;13,17;240;0;3985;71788;14462;30029;0;0;1;0;0;156;0;
483;456;;21;1105;0;4905;768;208;0;0;1;3;16;5;0;0;
484;457;;9,04;2324;4693;296263;61;1183;3084;0;447;2397;2257;1479;3085;0;
485;458;;14,91;17286;12935;231052;8427;3443;2393;114;1059;1346;618;59;983;0;
486;459;;16,46;81318;23500;138030;4435;66448;217451;147;310;675;458;31;119;0;
487;460;;16,16;2367;1059;327638;354;3964;2762;0;1084;1941;2953;238;305;0;
488;461;;17;6692;2358;456797;1381;602;56;0;1467;5393;3568;1258;2558;0;
489;462;;21,78;1757;9265;92789;4039;2684;2184;0;72;197;423;12;2509;0;
490;463;;21,95;3916;5648;255652;3364;2854;3157;0;460;2725;492;930;1307;0;41,11
491;464;;21,55;1322;6347;275008;523;2441;184;0;553;1248;1607;514;882;0;
492;465;;6,89;3602;7686;151415;6961;5546;3778;538;1220;322;225;42;294;0;46,70
493;466;;4,29;13097;10668;326938;12310;19493;11231;622;1078;1073;1;51;3025;550;67,16
494;467;A;3,45;81601;17386;352350;20131;289061;1932;1281;1323;1797;438;88;1498;6967;63,12
495;467;B;3,45;297;0;0;0;2626;0;1281;1323;1653;438;88;0;0;
496;468;;18,62;7607;4957;77157;6915;6533;1775;0;20;696;197;17;728;0;
497;469;;19,76;8461;2701;263284;21219;3174;23188;0;1069;2049;1227;981;1177;0;
498;470;;8,09;1009;2061;64881;502;2661;115;0;16;161;253;184;0;0;
499;471;;7,19;8230;1553;80772;16619;2899;4509;0;78;782;1179;38;610;0;
500;472;;5,88;18820;7498;78246;68477;7921;8080;0;31;1602;4;37;903;0;
501;473;;12,01;5308;0;365643;19227;10260;110409;1961;75;25;1;38;0;0;73,30
502;474;;17,52;0;434;252730;2966;38;1471;1808;65;24;1;31;0;0;74,63
503;475;;17,93;9233;7074;290941;3728;278;18787;1875;268;30;1;39;1821;0;71,01
504;476;;8,62;13916;10533;383784;48197;13580;29704;901;705;189;131;36;705;0;
505;477;;15,58;33886;31678;247771;13148;5078;11041;693;718;495;351;1043;4158;0;
506;478;;15,56;28775;40787;397313;13926;4704;34403;1199;582;267;81;36;2174;17261;79,31
507;479;;15,11;0;0;187104;35;0;2675;590;237;12;0;16;515;16319;80,35
508;480;;13,72;37346;81353;535298;5699;34542;49656;3278;272;339;1;68;3751;22345;52,08
509;481;;10,91;1495;4105;149204;1465;1772;3336;252;306;642;729;37;148;0;
510;482;A;12,46;1477;2412;396535;3646;805;40122;2282;143;153;310;55;800;0;
511;482;B;12,46;0;0;81354;2492;4713;21437;2282;143;153;310;55;0;0;
512;483;;10,84;3501;11872;198999;2103;1646;3079;0;1234;2805;963;93;1503;0;
513;484;;10,96;11583;11264;216770;1880;2818;12355;0;873;1996;1501;663;4973;0;
514;485;;13,08;16033;45207;141605;2287;7277;27690;993;239;17;0;22;585;0;55,11
515;486;;17,25;0;0;26857;19;0;1220;158;227;13;0;7;0;0;46,19
516;487;;17,49;1124;202;146416;501;207;1436;0;205;435;494;65;2206;0;29,61
517;488;A;16,19;6744;147;219968;55;321;4709;0;592;1399;244;40;1459;0;
518;488;B;16,19;0;0;34037;0;0;13;0;592;1411;244;40;0;0;36,89
519;489;;18,23;0;0;72526;0;0;644;0;0;941;279;43;690;0;31,09
520;490;;10,53;6806;2792;135814;7069;3845;785;0;610;746;389;376;713;0;
521;491;;10,66;31083;21423;285210;16635;11370;2726;0;421;1247;1122;2378;4229;0;
522;492;;6,83;1752;2379;114309;800;2276;1526;0;236;483;437;252;488;0;
523;493;;4,41;9546;916;57033;11249;9718;20635;0;210;424;166;17;36;0;
524;494;;2,96;9221;6488;72713;30521;23454;3661;0;5;347;355;161;658;0;42,87
525;495;;6,5;13992;0;3970;250;6525;54904;0;0;0;0;0;0;0;
526;496;;6,37;27966;15862;88129;83108;271757;59683;330;727;571;0;27;0;3765;41,76
527;497;;3,12;9612;3065;36555;37610;45408;2421;0;1;82;166;3;106;0;31,99
528;498;;3,25;3118;712;17650;9559;4276;1027;40;98;2;0;3;1014;0;
529;499;;14,17;20367;0;7845;65850;51590;447153;0;0;0;0;0;0;0;
530;500;;3,46;100662;0;1210;47456;47406;25831;0;0;0;20;0;0;2482;
531;501;;7,57;0;0;1585;102;2869;5217;0;11;23;12;4;0;377;
532;502;;8,47;8476;113;23093;1314;8694;31047;106;1;92;0;4;0;0;
533;503;;10,4;3073;288;55933;4030;2304;10446;0;268;4;0;5;0;0;
534;504;;8,62;5096;2670;13521;1440;59508;2956;25;29;8;0;0;0;0;
535;505;;15,04;5743;27089;285574;5613;5563;44943;224;69;27;12;19;0;0;87,04
536;506;;16,26;906;0;20537;287;0;3031;95;0;0;0;0;0;0;
537;507;;7,98;123444;1140;168532;8014;65411;54535;384;492;347;0;17;0;0;69,48
538;508;;11,31;125265;977;73949;10613;21530;32817;199;130;359;0;10;369;0;78,69
539;509;;10,62;2012;0;14358;242;25003;4441;48;20;0;0;0;0;0;
540;510;;8,2;0;10471;0;0;0;0;1;0;0;0;0;1997;0;
541;511;;7,72;6597;14154;59629;1840;484;8438;149;276;8;13;120;1850;0;
542;512;;9,7;0;0;93;708;566;82563;0;0;1;0;0;0;0;
543;513;;9,65;16211;0;1501;115143;25845;7704;0;1;0;0;0;0;0;
544;514;;3,08;23061;13818;90024;28071;12767;61243;0;27;88;1;1663;142;0;
545;515;;2,84;10472;13638;234;8214;25360;6943;0;0;3;0;0;0;6012;
546;516;;10,15;532;0;0;72;925;3277;0;0;2;5;2;0;0;
547;517;;10,96;49821;0;355;199;12710;72478;0;0;0;6;2;0;0;
548;518;;13,92;0;0;3588;0;111;0;2;14;54;49;116;0;0;
549;519;;7,41;3926;0;21251;48741;32657;5179;17;30;64;62;42;0;32267;
550;520;;8,38;467;12229;63387;241;6;111;0;140;417;166;14;12;0;
551;521;;9,05;0;328;90781;375;4;6322;0;293;371;33;22;0;0;48,00
552;522;;9,93;0;0;0;2476;0;0;0;0;0;0;0;0;0;
553;523;;8,86;130837;479;21800;20332;6917;28379;0;68;357;2;8;2493;0;
554;524;;16,66;0;0;38249;187;3390;498;0;9;610;296;16;704;0;
555;525;;9,85;0;0;3644;35;82;163;0;0;50;0;0;0;0;43,40
556;526;;9,31;8156;5860;322890;258507;32080;182126;378;453;1199;481;596;1490;0;34,78
557;527;;11,56;40;10516;45137;859;2963;6768;226;25;29;0;5;0;0;66,53
558;528;;10,53;4354;7349;446563;32057;10379;37694;726;720;3645;2749;430;5996;0;40,48
559;529;;9,03;6388;643;232701;26768;9775;10020;0;666;1615;1464;543;1245;0;
560;530;;8,18;13589;1342;111473;21944;2679;13755;54;380;526;445;149;421;0;
561;531;;9,44;2098;6358;359467;165;1842;6216;0;825;3385;2195;1090;5422;0;
562;532;;10,54;317;0;150799;0;605;3851;0;29;268;677;897;0;0;
563;533;;8,38;2276;1247;116827;511;956;1512;94;404;839;1055;30;420;0;35,85
564;534;;3,46;6553;15510;103959;99783;18674;53320;0;7;10;747;146;947;0;25,53
565;535;;9,77;24747;23916;569957;6506;11689;27574;2030;221;1110;1;63;4258;0;78,57
566;536;;9,15;3317;4774;131978;2090;1287;2462;0;378;221;0;11;24;0;46,95
567;537;;10,57;40974;32093;279149;8266;11162;67643;0;836;2039;2033;1014;2084;0;
568;538;;6,97;5134;8576;134949;32683;22646;9670;415;500;748;182;100;1712;0;37,72
569;539;;7,74;3649;8293;191153;4900;5224;1920;65;952;856;455;373;1094;0;
570;540;;8,2;2471;8420;83886;957;1552;1067;0;143;770;138;149;665;0;
571;541;;8,65;1929;15938;122970;12196;16039;15751;111;149;1105;433;479;1579;0;41,45
572;542;;9,78;158956;5157;109495;4434;37360;44602;0;266;673;202;201;0;10767;43,04
573;543;;9,7;3194;0;19371;223;7441;300;43;92;3;84;4;0;0;
574;544;;10,56;7535;2147;82740;2114;17486;2026;0;929;1004;275;251;277;0;37,99
575;545;;11,39;1693;1581;112654;572;1444;334;0;231;802;539;29;1512;0;
576;546;;11,57;10707;12347;130987;1949;2957;5120;0;936;1775;262;413;2196;0;
577;547;;12,05;12861;7400;80412;2158;3093;4922;0;490;164;68;179;1660;0;30,71
578;548;;12,5;12466;5418;146050;2132;2423;2538;0;618;476;377;223;1244;0;40,40
579;549;;13,09;39501;6576;164071;19908;9586;25592;0;945;522;526;441;387;0;
580;550;;13,54;16332;31301;224833;2686;3506;5423;255;116;996;224;248;1800;0;
581;551;;14,18;6567;1868;203145;3909;7102;927;127;1001;1153;291;350;415;0;
582;552;;14,6;5993;5970;302406;2947;517;807;0;1164;2768;2194;857;1968;0;28,57
583;553;;14,96;6044;11304;68515;2896;5022;1092;0;302;195;4;9;1808;0;
584;554;;15,33;9430;17734;118248;889;5553;3839;0;260;1761;1028;525;3839;0;
585;555;;15,54;2800;3656;191174;407;2897;40;0;236;2073;995;124;1011;0;
586;556;;15,84;1044;3943;140078;249;374;271;0;527;867;584;670;1387;0;
587;557;;9,05;6638;9826;214780;17410;34087;5017;32;1299;1483;380;60;3771;0;
588;558;;10,17;3199;0;131283;0;771;8822;514;327;421;667;450;0;0;
589;559;;10,89;12453;2901;783587;1015;1380;16134;2000;2942;1200;609;727;3070;138;54,50
590;560;;10,99;2766;17082;176992;240;16609;106576;175;265;492;61;35;2706;0;54,43
591;561;;11,62;650;3222;279908;830;2716;6959;483;754;105;208;27;1546;0;47,66
592;562;A;15,65;6346;20390;551581;4123;11177;4734;0;382;2500;5416;1105;7209;0;
593;562;B;15,65;1470;299;34698;230;9;761;0;382;2500;5416;1105;232;0;
594;563;;3,45;5057;148256;198083;24908;45148;2944;0;371;1189;1024;1019;0;41190;
595;564;;16,88;12119;41792;355883;35538;19835;10529;0;335;2314;3935;2847;7254;0;
596;565;;17,61;2044;5498;7308;21541;3005;4005;1;13;80;126;102;2662;0;
597;565;;17,61;;;;;;;0;0;0;0;0;0;0;
598;567;;13,24;9210;16153;553899;3632;3218;3220;0;646;2228;4398;4701;763;0;
599;568;;11;7053;15686;233227;19074;10156;2725;0;155;2107;2403;1145;2319;0;
600;569;;10,32;35638;12237;205681;3592;18313;38101;1285;285;22;1;32;3321;0;60,65
601;570;;9,63;22719;17361;252054;6514;5572;29315;0;837;2072;1748;831;4100;0;
602;571;;11,06;7317;14061;142572;2947;5602;6357;0;468;810;477;31;2977;0;
603;572;;11,52;4346;8449;378000;4829;8714;7908;36;1016;2020;647;858;4657;0;34,02
604;573;A;7,98;4686;822;319880;44816;2990;41700;0;1097;3208;1676;1392;830;0;27,02
605;573;B;8,48;926;3144;222656;80438;9534;41592;0;1097;3224;1938;2106;1156;0;35,49
606;573;C;10,93;331;0;5364;24;41;0;0;1097;3208;1668;1392;0;0;
607;574;;20,43;13464;4533;119597;5029;3890;3571;0;41;923;329;876;1544;0;
608;575;;19,71;56073;32997;190359;27308;22577;10255;0;361;725;706;777;10540;0;
609;576;;13,06;6874;15220;258872;6490;6556;2506;0;966;1136;1494;983;7731;0;
610;577;A;7,94;26546;6773;574242;28007;137375;11469,5;2646;4359;1833;457;324;38;886;61,13
611;577;B;7,94;74015;4378;535190;33980;34998;9054;2686;4310;1833;457;324;436;630;59,83
612;578;;9,2;8822;13072;199267;15282;4273;1183;0;313;896;956;1008;2731;0;
613;579;;9,07;11904;10434;116911;40923;7509;1407;0;25;838;265;171;2114;0;
614;580;;11,21;7632;3305;700;346951;26663;225713;0;0;5;5;0;352;0;
615;581;;23,26;1470;482;113997;14760;1775;28158;0;32;62;647;185;883;0;
616;582;;23,38;467;0;90553;703;1744;19397;789;13;200;267;23;1271;0;48,38
617;583;;19,67;6606;3095;214309;10168;6299;38887;364;897;657;1470;370;973;0;
618;584;;21,02;1297;0;30783;206;144;4081;407;30;402;373;332;202;0;
619;585;;18,33;7129;19449;264358;652;711;17084;2864;2;492;172;199;1485;0;58,27
620;586;;16,62;5546;104;95545;330;799;12951;177;183;39;0;5;0;0;
621;587;;14;111;0;45907;471;795;1852;500;50;40;0;8;0;0;55,56
622;588;;4,67;140;0;41640;841;55;3746;0;0;0;215;99;0;0;
623;589;;29,89;1108;0;24278;273;0;781;134;19;13;252;71;177;0;0,34
624;590;;34,86;11762;17909;243475;2382;5471;5726;0;36;1807;3375;2981;6790;0;20,65
625;591;;27,13;43833;27329;793366;4865;51297;27660;0;531;3320;6793;3837;19768;0;28,45
626;592;;11,92;9551;6595;213236;24921;5415;2128;0;423;825;1083;824;516;0;
627;593;;12,5;37422;13620;217473;69478;17743;34091;269;179;1355;856;1267;6056;2316;23,24
628;594;;11,06;10970;310;241584;11531;5068;3021;48;300;1202;645;774;1583;0;27,10
629;595;;13,84;13301;31875;372846;2524;12613;4004;0;784;2538;1087;1216;8191;0;
630;596;;5,53;15766;8443;291998;8683;7349;4354;0;680;1697;413;265;2854;0;
631;597;;5,67;9691;7128;237784;942;13369;7077;0;801;1753;1964;1113;1593;0;27,98
632;598;;7,55;18403;8673;361413;8705;11527;3035;0;419;1577;2070;2286;2978;0;
633;599;;7,6;18368;10402;305811;6630;8975;4262;0;375;901;1877;1980;2004;0;
634;600;;7,47;29007;10152;340041;35455;5074;8131;0;493;884;3039;802;3010;0;
635;601;;12,87;702;11404;635703;227820;5266;3588;0;427;2220;5566;3530;9726;0;27,00
636;602;;11,37;14627;35957;280527;2635;7175;16715;0;1237;5044;2117;799;10632;1299;25,34
637;603;A;10,32;25019;7558;368566;22280;13417;23528;0;662;3240;1396;1701;7079;0;
638;603;B;10,32;417;0;1176;39883;5917;20988;0;662;3240;1396;1701;1201;0;
639;603;C;10,32;0;0;48;9022;1607;31321;0;662;3240;1396;1701;0;0;
640;604;;7,98;0;3578;32756;0;0;920;0;17;95;232;427;393;0;
641;605;;8,48;10599;8248;151379;88632;17807;57375;0;320;383;1489;1168;2886;0;
642;606;;10,93;160115;4019;312;307995;37476;509456;0;0;103;0;2;0;7234;
643;607;;9,97;32390,5;20479;780770;225;6748,5;201189;0;2767;5739;2481;1226;7445;0;20,65
644;608;;12,95;13336;20201;942608;1682;5104;3515;0;1770;3625;3927;3163;5534;0;36,54
645;609;A;10,23;98244,5;232;4685;500;3980,5;92000;0;299;165;0;155;0;0;
646;609;B;10,23;22400;338;44227;4;3327;13158;0;299;165;0;155;0;0;
647;610;;5,01;10909;3713;536402;27221;21340;5638;1218;967;281;364;55;0;1588;
648;611;;15,96;2026;562;488723;3742;1890;32793;1207;180;21;0;26;0;0;
649;612;;13,69;2529;6063;364481;3261;399;25978;1738;625;32;1;41;1197;0;79,63
650;613;;15,35;126579;15808;409139;19631;43373;126631;2321;1033;218;7;170;2465;1034;64,45
651;614;;11,18;0;65;317;393234;28152;97452;0;5;17;99;26;0;0;
652;615;;17,58;5942;18967;663774;753;1994;4677;0;1191;12027;3799;713;4852;0;32,89
653;616;;17,39;5503;5673;500780;1399;2503;5388;0;343;2981;2887;4300;5282;0;
654;617;A;13,73;2292;20337;434628;898;5407;757;0;221;1671;5359;2434;9153;0;
655;617;B;13,73;0;0;0;388;0;1690;0;221;1671;5359;2054;1626;0;
656;617;C;13,73;5423;12247;25252;11336;5569;1898;0;221;1671;5359;2324;3707;0;19,40
657;618;;14,43;0;39362;2931;526;5696;0;1;8;49;77;62;803;4785;
658;619;;6,5;12933;3686;457066;22144;5407;15714;1538;930;303;1;53;900;0;
659;620;;6,04;26429;243;110023;7271;42359;10522;341;128;53;73;12;0;0;
660;621;;14,37;6447;334;142039;599;0;14038;295;94;6;0;7;0;0;
661;622;A;4,67;13163;0;7307;967;22888;960;81;22;44;15;2;0;0;
662;622;B;4,67;26771;1567;16659;1822;69473;370;81;22;44;15;2;1158;0;
663;623;A;47,73;17179;0;28013;8446;266230;827;1496;691;276;114;49;0;0;
664;623;B;57,14;83182;1963;444639;47987;285899;13523;1496;691;276;114;49;0;0;
665;624;;5,23;0;0;0;193;3925;1752;0;0;0;0;0;0;0;
666;625;;16,39;86;56;45561;40;194;775;0;106;617;138;244;0;0;41,34
667;626;;18,15;1083;0;274812;16370;1708;5125;0;1021;694;937;294;929;0;39,07
668;627;;19,71;;;;;;;0;0;226;0;0;0;0;35,89
669;628;;24,02;;;;;;;0;1;0;1;1;0;0;
670;629;;24,43;;;;;;;0;3;0;3;6;0;0;
671;630;;20,32;5598;823;6361;8099;2970;45500;0;0;0;0;0;0;0;
672;631;;19,62;293;0;0;10278;5611;44271;0;0;0;0;0;0;0;
673;632;;13,84;2555;0;352;23278;10045;96807;0;0;0;9;0;0;0;
674;633;;16,81;0;1135;13208;0;4;0;0;0;0;3;1;500;0;
675;634;;16,71;1100;1456;226;213946;16289;96716;0;0;0;1;0;0;0;
676;635;;42,18;1739;1771;39468;45666;5887;6348;0;3;216;70;61;710;0;
677;636;;20,14;316;515;11092;4442;439;1092;0;1;2;10;9;0;0;
678;637;;17,21;0;0;22464;0;0;0;0;0;0;300;300;0;0;26,35
679;638;;16,27;2788;4354;177922;0;1057;0;0;0;3315;401;188;581;0;31,37
680;639;;18,65;1766;0;27002;497887;48799;179885;0;16;215;219;211;0;0;33,42
681;640;;19,18;561;1207;46777;24239;1663;4386;0;15;39;115;133;0;0;
682;641;;26,37;1455;6506;184131;0;0;9;0;0;1545;1527;586;1416;0;30,34
683;642;;23,95;2114;6426;80204;91424;10572;22749;95;9;16;453;92;308;0;33,45
684;643;;16,39;0;0;0;42319;2899;20762;0;13;1;14;24;0;0;
685;644;;21,96;;;;;;;0;1;0;1;1;0;0;
686;645;;25,44;0;0;0;1297;105;99;0;0;0;0;0;0;0;
687;646;;23,22;83;0;7210;53;0;428;0;6;14;39;48;538;0;
688;647;;27,95;6294;18682;124025;8958;3955;39685;0;373;255;0;4;0;0;48,67
689;648;;28,6;631;1230;51328;1899;4093;1269;0;44;466;16;15;631;0;31,88
690;649;;18,25;1781;0;15774;177;808;2090;85;1;14;12;9;0;0;71,81
691;650;;18,69;1941;572;37803;193;934;3754;70;30;119;101;59;615;0;
692;651;;20,41;;;;;;;3;0;7;6;4;0;0;
693;652;;18,48;0;699;30373;12;0;5029;55;189;112;83;87;0;0;
694;653;;19,19;;;;;;;0;0;0;0;0;0;0;
695;654;;12,7;;;;;;;0;0;0;0;0;0;0;
696;655;;16,01;0;0;54549;99;0;5669;167;1;3;53;4;0;0;
697;656;;13,87;0;0;84027;6155;311;458;878;226;9;0;10;0;0;56,37
698;657;;21,55;;;;;;;0;0;0;0;0;0;0;
699;658;;33,09;;;;;;;0;0;0;0;0;0;0;
700;659;;24,78;0;0;48338;42;12;1484;16;99;766;140;7;727;0;42,30
701;660;;38,21;0;0;417;98111,5;271;1804;1;0;9;2;0;0;0;
702;661;;38,9;56;0;7293;220;63;59;4;13;16;47;45;192;0;
703;662;;39,8;;;;;;;0;0;0;0;0;0;0;
704;663;;47,73;0;198;2114;319;80;46;0;1;4;3;2;0;0;
705;664;;57,14;81;390;4322;139;218;0;2;2;11;31;8;55;0;
706;665;;53,95;502;600;5535;1419;333;1022;5;12;64;67;68;142;0;
707;666;;54,69;670;850;6320;3579;742;1340;4;6;24;47;85;119;0;
708;667;;44,85;514;467;21214;10145;929;7972;4;20;18;60;13;0;0;
709;668;;35,19;110;439;4779;5222;2752;8815;0;10;8;21;26;0;0;
710;669;;35,34;4275;3823;107667;4941;7915;1999;17;60;583;185;188;615;0;32,38
711;670;;44,79;0;0;0;2589,5;0;46194;4;15;53;43;56;8;0;
712;671;;48,42;0;0;1502;2033;0;118;1;3;13;8;8;0;0;
713;672;;45,21;;;;;;;1;0;0;1;0;0;0;
714;673;;47,21;7634;1522;73743;3311;3931;6739;52;172;141;502;530;1411;0;
715;674;;19,56;7659;14261;251810;9163;5389;2517;157;451;733;1665;1050;5064;0;
716;675;;29,33;10887;3509;95833;100277;9374;12488;0;44;120;99;255;522;0;
717;676;A;42,18;6524;11447;107714;72039;10902;25996;898;2573;3404;6772;5454;942;0;
718;676;B;42,18;81886;50797;946159;246408;56719;51661;932;2573;4258;7535;5915;14880;1527;31,66
719;676;C;42,18;1433;561;10915;804;743;103;898;2573;3404;6772;5454;1072;0;
720;677;;48,11;50086;55543;829948;248844;39086;77993;412;1263;1746;3957;4509;12139;0;20,08
721;678;;24,67;0;0;760;0;0;0;36;5;3;18;17;0;0;
722;679;;22,31;4727;15753;408412;77132;21038;52827;247;911;1581;3733;2553;6659;0;28,96
723;680;A;37,48;823;0;4772;128919;11051;83266;0;1;13;73;21;0;0;
724;680;B;26,855;1478;0;264;281763;34868;127591;0;1;13;73;21;0;0;
725;681;;16,23;763;2928;38563;225;398;3595;18;260;5;0;6;918;0;
726;682;;22,8;245;0;2625;0;0;4587;23;3;2;9;9;148;0;
727;683;;27,7;5260;3786;165516;1251;2726;3089;805;163;484;1275;953;2904;0;
728;684;;15,33;0;0;158169;0;0;80;0;72;821;1735;666;0;0;
729;685;;60,64;131965;70765;1431888;86309;63948;78198;1054;2730;3829;8160;9147;23739;7411;19,25
730;686;;32,17;61670;39996;1291142;96473;39103;69964;862;3351;5445;8361;5445;15053;0;28,49
731;687;;43,59;15805;11035;424386;31218;14099;13370;178;762;1211;3245;3594;4258;0;
732;688;;35,07;70566;41726;939744;90810;45867;70755;916;2798;3383;5260;4061;17742;0;24,72
733;689;;43,87;15044;8927;352811;32622;8857;9426;320;857;1474;2466;2698;3969;0;31,55
734;690;;59,11;38661;19535;369828;39845;34970;117214;235;769;811;1272;927;2483;0;
735;691;;40,81;22294;17516;349880;15080;13642;45482;0;0;0;0;193;5363;0;
736;692;;52,42;2670;4087;95963;2173;3528;663;0;0;0;0;0;1705;0;
737;693;;92,26;1516;5224;31346;428;4569;799;0;0;0;0;0;1211;0;
738;694;;76,8;521;1309;40831;356;2018;0;0;0;0;0;0;967;0;
739;695;;17,08;;;;;;;0;0;0;0;0;0;0;
740;696;;17,08;0;0;108;0;0;0;0;0;0;0;0;0;0;
