ID;AREA;Zona;Com;Comuna;PERIMETER
103;457564,8949;103;13105;El Bosque;2913,3557
104;772546,1619;104;13105;El Bosque;4348,343844
106;2695745,044;106;13105;El Bosque;7028,53391
115;753419,2986;115;13105;El Bosque;3700,486222
116;718430,5282;116;13105;El Bosque;3537,818994
194;867037,034;194;13110;La Florida;3705,924344
195;1063712,327;195;13110;La Florida;4486,754695
208;967046,7856;208;13110;La Florida;3958,424384
210;694739,9771;210;13110;La Florida;3823,992843
233;-1078819,145;233;13110;La Florida;4312,90454
247;1203395,8;247;13111;La Granja;4354,674688
248;931049,2983;248;13111;La Granja;4111,851889
387;6307457,7;387;13119;Maipú;11322,51158
391;4947296,913;391;13119;Maipú;10272,64137
392;7452231,552;392;13119;Maipú;12312,02394
418;4163265,54;418;13119;Maipú;9685,786022
660;661632,4778;660;13131;San Ramón;4356,674825
663;558117,7343;663;13131;San Ramón;2968,640966
664;672197,0671;664;13131;San Ramón;3384,310305
694;22189706,11;694;13201;Puente Alto;24603,53429
695;4464452,547;695;13201;Puente Alto;8415,330798
699;1211912,913;699;13201;Puente Alto;5271,53098
767;3020126,77;767;13401;San Bernardo;7951,430508
777;13547311,97;777;13401;San Bernardo;16832,62813
778;8105678,222;778;13401;San Bernardo;11457,95704
779;2877346,865;779;13401;San Bernardo;8769,512382
812;194766394,3;812;13501;Melipilla;71779,85228
851;1391961,977;851;13604;Padre Hurtado;5151,835374
853;11729455,01;853;13604;Padre Hurtado;21849,38442
854;52444329,83;854;13604;Padre Hurtado;38737,24871
811;101344938,6;811;13501;Melipilla;53394,29785
813;428917869,6;813;13501;Melipilla;99024,92172
814;98512996,14;814;13501;Melipilla;50287,05528
815;304333630,7;815;13501;Melipilla;97773,788
817;113966342,6;817;13501;Melipilla;49966,13676
782;46900953,46;782;13401;San Bernardo;38385,75224
786;9659826,04;786;13402;Buin;17813,5444
790;16005215,35;790;13402;Buin;17844,33025
791;60834477,25;791;13402;Buin;37864,90474
794;9420555,016;794;13403;Calera de Tango;12477,09086
796;7101630,691;796;13403;Calera de Tango;10928,26728
797;3725900,802;797;13403;Calera de Tango;10593,00153
798;6046478,395;798;13403;Calera de Tango;15675,20867
799;896932,8758;799;13403;Calera de Tango;6245,454495
800;6019614,142;800;13403;Calera de Tango;10227,23052
801;3261777,313;801;13403;Calera de Tango;8968,442699
802;6162319,098;802;13403;Calera de Tango;10794,98756
803;8366162,088;803;13403;Calera de Tango;13002,44305
832;2337736,338;832;13602;El Monte;7218,12428
834;36756752,11;834;13602;El Monte;24116,618
835;19638918,38;835;13602;El Monte;20031,47804
844;43841897,07;844;13603;Isla de Maipo;34076,60076
804;482963,7581;804;13501;Melipilla;4108,796404
806;2308460,036;806;13501;Melipilla;9721,459343
807;2446553,736;807;13501;Melipilla;8553,219439
809;11324750,82;809;13501;Melipilla;20185,20373
810;7603045,597;810;13501;Melipilla;17749,60277
816;71564683,44;816;13501;Melipilla;39779,25916
808;3496116,301;808;13501;Melipilla;10124,88732
805;844392,882;805;13501;Melipilla;3886,266302
818;50900536,14;818;13601;Talagante;32959,48956
820;5381458,195;820;13601;Talagante;10483,84687
821;6491916,591;821;13601;Talagante;13228,21964
824;2722957,015;824;13601;Talagante;7800,156535
825;4863966,03;825;13601;Talagante;12061,87582
826;16017566,88;826;13601;Talagante;21263,66865
827;28365817,83;827;13601;Talagante;27957,40117
830;2475686,363;830;13602;El Monte;7522,691063
831;4983674,572;831;13602;El Monte;12645,99527
833;2480975,761;833;13602;El Monte;8092,023213
839;2128826,959;839;13603;Isla de Maipo;7914,857052
840;3076158,399;840;13603;Isla de Maipo;7749,288663
842;2013257,456;842;13603;Isla de Maipo;9963,436388
843;28593445,93;843;13603;Isla de Maipo;28948,75499
847;4437041,593;847;13603;Isla de Maipo;10057,52648
861;892698,0017;861;13605;Peñaflor;3842,950179
864;36105135,15;864;13605;Peñaflor;32539,00577
845;63759839,93;845;13603;Isla de Maipo;36616,98809
836;2906142,631;836;13602;El Monte;9643,636495
837;45497864,71;837;13602;El Monte;29780,42707
823;1687671,338;823;13601;Talagante;6689,567656
829;1883871,568;829;13601;Talagante;6383,645523
841;2778521,339;841;13603;Isla de Maipo;12019,33147
846;36883793,74;846;13603;Isla de Maipo;32439,46906
838;1615194,673;838;13603;Isla de Maipo;6437,115272
819;716356,1758;819;13601;Talagante;3413,100955
793;4995059,36;793;13403;Calera de Tango;9755,283725
795;14951057,15;795;13403;Calera de Tango;17160,59278
859;2214029,912;859;13605;Peñaflor;9261,348278
860;3270958,572;860;13605;Peñaflor;8915,065129
863;506279,8773;863;13605;Peñaflor;3631,508426
865;14648160,7;865;13605;Peñaflor;23227,72609
822;962270,1851;822;13601;Talagante;4350,986412
828;6174777,908;828;13601;Talagante;11682,54424
862;795146,7593;862;13605;Peñaflor;4062,010898
857;1895827,561;857;13605;Peñaflor;6444,19179
866;6826848,345;866;13605;Peñaflor;12605,18386
856;1393264,531;856;13605;Peñaflor;5687,089967
858;1839330,583;858;13605;Peñaflor;6729,660198
848;5183374,499;848;13604;Padre Hurtado;10144,41366
849;3371335,034;849;13604;Padre Hurtado;9765,146126
850;1145216,222;850;13604;Padre Hurtado;4742,115885
855;2077342,656;855;13604;Padre Hurtado;7095,014643
852;3222852,106;852;13604;Padre Hurtado;7238,431799
709;892184,3393;709;13201;Puente Alto;3927,404149
723;4911945,229;723;13201;Puente Alto;13284,46377
727;113892211,6;727;13202;Pirque;45908,16064
250;1227533,971;250;13112;La Pintana;5187,466834
251;1027107,259;251;13112;La Pintana;4693,338147
252;3408603,442;252;13112;La Pintana;7912,733037
256;5866676,041;256;13112;La Pintana;11451,69293
257;3374215,202;257;13112;La Pintana;9445,207727
258;805142,3481;258;13112;La Pintana;3914,57449
261;782513,2637;261;13112;La Pintana;3764,112389
770;18365949,35;770;13401;San Bernardo;20968,42921
792;69632733,75;792;13402;Buin;40852,26392
785;9763108,24;785;13402;Buin;12810,43875
789;31798639,01;789;13402;Buin;31053,5645
783;2932573,884;783;13402;Buin;7426,412221
784;307968,9378;784;13402;Buin;2379,95933
787;5518379,54;787;13402;Buin;11411,66115
788;4290577,198;788;13402;Buin;9790,495849
758;1839122,04;758;13401;San Bernardo;6501,217364
764;2634298,17;764;13401;San Bernardo;7246,491238
765;5086812,896;765;13401;San Bernardo;9473,816267
766;24228963,87;766;13401;San Bernardo;27392,68478
768;1120071,859;768;13401;San Bernardo;4596,248208
769;1650409,219;769;13401;San Bernardo;5566,16528
775;910138,2128;775;13401;San Bernardo;4388,730948
776;531368,0833;776;13401;San Bernardo;4263,202098
781;12402237,93;781;13401;San Bernardo;16943,82254
109;660861,8673;109;13105;El Bosque;3418,037605
110;488474,0721;110;13105;El Bosque;2887,696861
118;941275,145;118;13105;El Bosque;4284,054984
119;733642,0551;119;13105;El Bosque;3733,564438
760;1194740,041;760;13401;San Bernardo;4450,679037
761;1149147,753;761;13401;San Bernardo;5833,351393
762;980545,2332;762;13401;San Bernardo;4572,973957
763;1630812,157;763;13401;San Bernardo;5103,253844
772;721766,2875;772;13401;San Bernardo;4148,049078
773;1575270,873;773;13401;San Bernardo;5935,987417
771;1785875,141;771;13401;San Bernardo;7026,979444
774;713092,4245;774;13401;San Bernardo;3600,797463
108;411179,9564;108;13105;El Bosque;3862,399724
759;968830,4983;759;13401;San Bernardo;4449,942096
780;868335,1705;780;13401;San Bernardo;3983,591905
111;667310,9984;111;13105;El Bosque;3802,450181
112;983703,1731;112;13105;El Bosque;4576,30609
113;1637225,83;113;13105;El Bosque;5143,491402
259;825114,7465;259;13112;La Pintana;3887,357018
192;584288,5404;192;13110;La Florida;3222,654147
255;3503167,402;255;13112;La Pintana;7518,042906
685;4257515,952;685;13201;Puente Alto;8947,294168
688;1583186,633;688;13201;Puente Alto;5315,355219
690;732771,4126;690;13201;Puente Alto;3717,353785
691;352869,2782;691;13201;Puente Alto;3023,70406
693;752097,0676;693;13201;Puente Alto;3695,621379
697;2749647,361;697;13201;Puente Alto;6777,837378
703;1134290,25;703;13201;Puente Alto;5260,170271
704;411783,2645;704;13201;Puente Alto;3052,994691
706;2524168,932;706;13201;Puente Alto;7671,709971
707;1253425,19;707;13201;Puente Alto;5392,110054
714;964715,8337;714;13201;Puente Alto;4638,011439
715;2829192,997;715;13201;Puente Alto;7707,656386
716;655587,6342;716;13201;Puente Alto;3767,26506
717;296892,472;717;13201;Puente Alto;2695,412126
718;402178,6788;718;13201;Puente Alto;2961,775608
719;462731,3686;719;13201;Puente Alto;2871,226243
721;359010,6339;721;13201;Puente Alto;2496,425726
724;590775,7555;724;13201;Puente Alto;3499,135361
686;2122283,673;686;13201;Puente Alto;7468,691163
692;325802,5858;692;13201;Puente Alto;2558,369697
253;2155878,91;253;13112;La Pintana;6254,422982
254;1724939,701;254;13112;La Pintana;5931,418097
262;3731005,599;262;13112;La Pintana;7793,498793
264;877842,7939;264;13112;La Pintana;3924,31364
689;2662941,458;689;13201;Puente Alto;6848,25172
705;4109561,788;705;13201;Puente Alto;9771,148887
687;620331,08;687;13201;Puente Alto;3157,568541
260;1196254,029;260;13112;La Pintana;4601,742409
263;536104,5765;263;13112;La Pintana;2940,260947
708;967707,4739;708;13201;Puente Alto;4006,413364
720;217306,428;720;13201;Puente Alto;1877,260589
209;1257344,335;209;13110;La Florida;4623,321919
211;1119546,78;211;13110;La Florida;4395,456413
696;1961806,527;696;13201;Puente Alto;5579,710993
698;2067523,029;698;13201;Puente Alto;6665,619699
711;1837116,469;711;13201;Puente Alto;7045,316762
722;1361388,011;722;13201;Puente Alto;5254,363184
725;5378793,573;725;13201;Puente Alto;11252,08049
726;2238489,85;726;13201;Puente Alto;7230,78531
710;3164215,4;710;13201;Puente Alto;7204,953825
712;566389,9146;712;13201;Puente Alto;3204,277688
713;457015,4793;713;13201;Puente Alto;3343,896608
204;884083,201;204;13110;La Florida;4401,422423
700;914317,1507;700;13201;Puente Alto;4171,923558
701;1628517,573;701;13201;Puente Alto;6487,720044
702;399615,261;702;13201;Puente Alto;2568,726844
77;2953670,631;77;13103;Cerro Navia;8587,154917
383;907260,7656;383;13119;Maipú;4142,721819
384;655541,5459;384;13119;Maipú;3494,637356
388;2673965,642;388;13119;Maipú;7754,257923
393;1295926,519;393;13119;Maipú;4678,063277
396;1071244,231;396;13119;Maipú;4438,457184
397;12735777,09;397;13119;Maipú;17546,73705
398;7245809,629;398;13119;Maipú;12385,11063
399;850955,4135;399;13119;Maipú;4916,675333
400;958634,6136;400;13119;Maipú;4107,073643
524;2515064,813;524;13124;Pudahuel;6676,026061
525;1497776,521;525;13124;Pudahuel;6415,423839
538;4950691,661;538;13124;Pudahuel;10663,47401
539;20275857,87;539;13124;Pudahuel;21436,95706
547;12692041,02;547;13125;Quilicura;16036,02484
618;8100829,713;618;13128;Renca;14152,27437
740;43785688,67;740;13301;Colina;29577,29292
746;119431060;746;13301;Colina;42476,36802
747;39324030,19;747;13302;Lampa;26561,00838
749;13029214,83;749;13302;Lampa;15487,56382
750;23977062,32;750;13302;Lampa;28096,52229
752;78670141,98;752;13302;Lampa;48585,80145
753;26620309,64;753;13302;Lampa;28436,4522
754;9156199,161;754;13302;Lampa;15013,71672
395;56843814,27;395;13119;Maipú;34680,09524
540;23814900;540;13124;Pudahuel;20086,87219
541;26407959,17;541;13124;Pudahuel;21603,99292
394;12129241,76;394;13119;Maipú;14582,54844
385;1343228,524;385;13119;Maipú;4979,489752
386;2011629,874;386;13119;Maipú;5889,879584
389;1398201,698;389;13119;Maipú;5344,254823
536;42815610,84;536;13124;Pudahuel;38281,11363
755;48822150,03;755;13302;Lampa;28412,88625
537;6219716,994;537;13124;Pudahuel;11545,42827
751;2234870,987;751;13302;Lampa;5737,916949
232;10559626,92;232;13110;La Florida;19815,04477
275;4709816,531;275;13113;La Reina;9819,107851
298;1943656,436;298;13114;Las Condes;5651,422498
302;4091854,054;302;13114;Las Condes;9120,337464
308;4883395,509;308;13114;Las Condes;11076,78025
310;5046867,654;310;13114;Las Condes;11545,32956
316;2987184,836;316;13114;Las Condes;9366,210477
326;24713152,78;326;13115;Lo Barnechea;35401,97511
327;1224035,979;327;13115;Lo Barnechea;5859,116655
331;2260934,429;331;13115;Lo Barnechea;6222,940001
333;2609874,364;333;13115;Lo Barnechea;7293,153881
334;589665,0004;334;13115;Lo Barnechea;5265,523046
336;761562,9371;336;13115;Lo Barnechea;3842,669647
480;3216352,627;480;13122;Peñalolén;9840,508866
481;3736853,74;481;13122;Peñalolén;9418,014612
491;2737279,785;491;13122;Peñalolén;8945,535474
492;5562881,178;492;13122;Peñalolén;10526,17361
493;6464006,325;493;13122;Peñalolén;11933,68484
728;11592914,53;728;13301;Colina;14862,61669
729;8457444,149;729;13301;Colina;13341,76835
742;148274472,6;742;13301;Colina;64019,88306
743;4575143,306;743;13301;Colina;13974,01993
744;142584381,9;744;13301;Colina;59084,45487
745;46061818,34;745;13301;Colina;34457,02064
756;11524395,05;756;13302;Lampa;14971,6595
19;317552,839;19;13101;Santiago;2316,982012
20;362555,1248;20;13101;Santiago;2453,702959
21;231599,2239;21;13101;Santiago;2002,320839
30;530379,5682;30;13101;Santiago;2995,094608
31;674381,7858;31;13101;Santiago;3481,08438
42;328724,8953;42;13101;Santiago;2309,983402
47;236711,4335;47;13101;Santiago;1959,616121
48;400589,2359;48;13101;Santiago;2562,512719
72;809834,5784;72;13103;Cerro Navia;3555,494968
73;716774,5773;73;13103;Cerro Navia;4016,980589
75;525754,876;75;13103;Cerro Navia;3132,945239
76;818583,8921;76;13103;Cerro Navia;4483,821976
78;891843,7344;78;13103;Cerro Navia;4398,479271
79;826946,3211;79;13103;Cerro Navia;4335,746295
81;591345,3406;81;13103;Cerro Navia;3918,674316
82;1048796,283;82;13103;Cerro Navia;4175,518386
143;3823546,518;143;13107;Huechuraba;10169,15559
152;26012013,8;152;13107;Huechuraba;31480,66492
164;361346,5184;164;13108;Independencia;2415,980017
167;528912,3878;167;13108;Independencia;3695,76319
169;429584,6192;169;13108;Independencia;2907,787919
171;568923,659;171;13108;Independencia;4380,350858
172;719687,0697;172;13109;La Cisterna;3693,383313
187;404037,4;187;13109;La Cisterna;3190,535591
188;567550,1381;188;13109;La Cisterna;3453,785777
289;711902,0712;289;13114;Las Condes;3872,459214
291;899536,4849;291;13114;Las Condes;3932,681702
293;1435317,106;293;13114;Las Condes;5099,521583
294;1486124,266;294;13114;Las Condes;5385,764762
303;827057,7037;303;13114;Las Condes;4045,29536
304;727847,6679;304;13114;Las Condes;3778,114533
305;887004,4662;305;13114;Las Condes;4221,840335
322;850973,9777;322;13114;Las Condes;3807,579835
497;724023,9016;497;13123;Providencia;3463,064886
498;412670,5003;498;13123;Providencia;3804,670377
499;331786,1703;499;13123;Providencia;2643,13244
506;2487756,867;506;13123;Providencia;7723,550364
507;555176,7368;507;13123;Providencia;3092,634707
508;423160,0802;508;13123;Providencia;2730,840558
515;1029053,406;515;13123;Providencia;4606,246283
558;473130,6302;558;13126;Quinta Normal;3188,846336
559;584264,3114;559;13126;Quinta Normal;3238,568591
563;941725,8601;563;13126;Quinta Normal;4928,533309
564;443972,861;564;13126;Quinta Normal;2829,810435
565;344149,6577;565;13126;Quinta Normal;2595,704008
575;520189,4675;575;13126;Quinta Normal;3592,156427
576;428510,723;576;13126;Quinta Normal;3277,205136
578;810426,9294;578;13127;Recoleta;4211,081148
579;659612,6247;579;13127;Recoleta;3302,898361
580;1008561,133;580;13127;Recoleta;4068,418862
581;706250,2538;581;13127;Recoleta;4176,038915
582;609852,4361;582;13127;Recoleta;4378,342742
583;1048428,884;583;13127;Recoleta;4190,774954
588;541133,6058;588;13127;Recoleta;3561,104289
592;513679,2172;592;13127;Recoleta;3073,242273
593;299935,7964;593;13127;Recoleta;2220,556848
594;398589,0362;594;13127;Recoleta;2746,343066
596;284894,8023;596;13127;Recoleta;2180,969062
601;851851,9561;601;13127;Recoleta;3918,259224
604;859434,9415;604;13128;Renca;4948,232525
639;743225,2931;639;13130;San Miguel;3618,151621
641;741837,5193;641;13130;San Miguel;3553,986398
645;510231,4003;645;13130;San Miguel;3331,415231
646;1211983,105;646;13130;San Miguel;4611,394639
648;763048,6959;648;13130;San Miguel;3768,334426
652;641265,3685;652;13130;San Miguel;3278,650628
655;565313,7643;655;13131;San Ramón;3529,216861
659;278822,144;659;13131;San Ramón;2877,455671
662;780105,2882;662;13131;San Ramón;3648,227916
53;2210176,186;53;13102;Cerrillos;6031,942164
54;894928,8154;54;13102;Cerrillos;4163,641696
55;675748,0635;55;13102;Cerrillos;3639,502982
56;802465,4033;56;13102;Cerrillos;5470,655929
57;2709624,613;57;13102;Cerrillos;7217,081052
58;1300012,907;58;13102;Cerrillos;4692,70996
59;702962,156;59;13102;Cerrillos;3478,568176
65;1579651,307;65;13102;Cerrillos;6490,69623
66;1435581,789;66;13102;Cerrillos;4747,643112
67;1410480,37;67;13102;Cerrillos;5353,592483
133;693590,7808;133;13106;Estación Central;3517,838229
136;1178988,196;136;13106;Estación Central;4588,722987
139;1300326,747;139;13106;Estación Central;5552,998354
141;1004232,827;141;13106;Estación Central;4494,581537
350;235787,2483;350;13117;Lo Prado;2499,660693
351;656707,7415;351;13117;Lo Prado;3856,899838
353;281842,0015;353;13117;Lo Prado;2188,635286
355;686176,8735;355;13117;Lo Prado;3810,860821
358;670568,4224;358;13117;Lo Prado;4490,705667
359;549203,4459;359;13117;Lo Prado;2964,249856
381;616852,9824;381;13119;Maipú;3824,759554
407;2407270,284;407;13119;Maipú;6171,008718
417;1273335,622;417;13119;Maipú;5741,666064
449;350513,7192;449;13121;Pedro Aguirre Cerda;2422,338603
458;368113,72;458;13121;Pedro Aguirre Cerda;2687,785088
459;830659,5347;459;13121;Pedro Aguirre Cerda;4043,781758
460;697347,475;460;13121;Pedro Aguirre Cerda;3943,709512
461;623189,8837;461;13121;Pedro Aguirre Cerda;3318,375512
464;644286,2834;464;13121;Pedro Aguirre Cerda;3907,87587
465;625720,0718;465;13121;Pedro Aguirre Cerda;3270,164442
560;661212,0069;560;13126;Quinta Normal;3330,79456
568;549146,6843;568;13126;Quinta Normal;3888,78917
642;535746,937;642;13130;San Miguel;3102,093596
379;762346,6234;379;13119;Maipú;3829,061798
380;639970,5126;380;13119;Maipú;3403,057931
382;1089108,279;382;13119;Maipú;6989,116783
390;1521410,091;390;13119;Maipú;5278,728382
402;765921,5148;402;13119;Maipú;4039,344624
403;434484,4476;403;13119;Maipú;2809,546533
401;565876,2312;401;13119;Maipú;3374,199499
405;691622,3371;405;13119;Maipú;3357,068703
406;487642,3911;406;13119;Maipú;2868,847383
409;634679,2988;409;13119;Maipú;3316,084318
410;499465,7194;410;13119;Maipú;3184,118486
411;538860,2873;411;13119;Maipú;3074,075855
404;476648,8435;404;13119;Maipú;2837,175706
408;534067,2683;408;13119;Maipú;2964,195785
61;609939,1845;61;13102;Cerrillos;3342,62674
62;440664,6837;62;13102;Cerrillos;3179,451294
64;567908,032;64;13102;Cerrillos;3035,741429
60;366256,7388;60;13102;Cerrillos;2540,361977
63;358539,9014;63;13102;Cerrillos;2859,387857
354;202013,5746;354;13117;Lo Prado;2091,553304
357;872122,7732;357;13117;Lo Prado;4786,211335
412;592314,0171;412;13119;Maipú;3404,930503
413;684873,4749;413;13119;Maipú;3885,930128
414;817341,5344;414;13119;Maipú;3533,73912
518;570769,3912;518;13124;Pudahuel;3290,902422
519;309811,1961;519;13124;Pudahuel;2300,756434
522;726767,8419;522;13124;Pudahuel;4070,14868
526;935814,586;526;13124;Pudahuel;4483,668919
530;454577,2853;530;13124;Pudahuel;2766,975487
532;421001,7538;532;13124;Pudahuel;2984,446418
533;731658,9044;533;13124;Pudahuel;3875,879531
534;1093758,495;534;13124;Pudahuel;4921,196997
535;615473,3909;535;13124;Pudahuel;3574,69706
415;1216412,086;415;13119;Maipú;4604,773939
527;414997,4446;527;13124;Pudahuel;2547,354637
517;1291790,755;517;13124;Pudahuel;6157,056578
521;597066,1935;521;13124;Pudahuel;4117,046658
523;1729850,405;523;13124;Pudahuel;5780,828906
531;658070,6342;531;13124;Pudahuel;3745,655567
529;612492,548;529;13124;Pudahuel;3657,490244
135;431394,579;135;13106;Estación Central;3131,995682
378;970374,4202;378;13119;Maipú;3970,301046
416;567295,1676;416;13119;Maipú;3443,115557
520;246775,8167;520;13124;Pudahuel;2072,130404
528;497202,3928;528;13124;Pudahuel;3004,441635
70;511900,2324;70;13103;Cerro Navia;3500,122635
71;566812,0442;71;13103;Cerro Navia;3471,58846
348;331533,6794;348;13117;Lo Prado;2304,63829
349;907144,2365;349;13117;Lo Prado;3847,403622
356;521144,913;356;13117;Lo Prado;3160,942902
352;668880,184;352;13117;Lo Prado;3477,586035
69;430541,3234;69;13103;Cerro Navia;2639,130197
561;398472,1648;561;13126;Quinta Normal;2537,017803
105;699231,8218;105;13105;El Bosque;3857,889315
114;268002,9018;114;13105;El Bosque;2640,2497
176;320986,0464;176;13109;La Cisterna;4003,277336
178;530957,2023;178;13109;La Cisterna;2959,763821
183;839180,2364;183;13109;La Cisterna;4406,676892
184;1136405,649;184;13109;La Cisterna;4612,386168
185;507457,1406;185;13109;La Cisterna;2907,496042
186;600940,2795;186;13109;La Cisterna;3212,67148
338;732368,5804;338;13116;Lo Espejo;3633,229044
339;731942,1975;339;13116;Lo Espejo;3503,640211
341;838734,5878;341;13116;Lo Espejo;3749,715485
344;661441,5649;344;13116;Lo Espejo;3279,770369
345;448152,3426;345;13116;Lo Espejo;2752,296803
346;790791,4879;346;13116;Lo Espejo;3812,069077
347;523802,2177;347;13116;Lo Espejo;2898,148305
454;660198,2896;454;13121;Pedro Aguirre Cerda;3380,16909
462;453806,5899;462;13121;Pedro Aguirre Cerda;3148,564564
463;790078,1302;463;13121;Pedro Aguirre Cerda;4165,913807
340;855689,671;340;13116;Lo Espejo;3762,303606
343;651913,4581;343;13116;Lo Espejo;3251,825765
107;541808,4566;107;13105;El Bosque;4118,668177
337;570375,3407;337;13116;Lo Espejo;3025,486101
452;570517,3767;452;13121;Pedro Aguirre Cerda;3428,758712
453;705302,3579;453;13121;Pedro Aguirre Cerda;3740,367264
342;445127,2219;342;13116;Lo Espejo;2750,627433
117;814793,3697;117;13105;El Bosque;3817,68813
173;729961,951;173;13109;La Cisterna;3763,277288
174;725256,2031;174;13109;La Cisterna;3715,142258
175;576242,0121;175;13109;La Cisterna;3551,724475
179;278312,5908;179;13109;La Cisterna;2223,689819
180;480778,5393;180;13109;La Cisterna;2814,251353
182;335044,7897;182;13109;La Cisterna;2349,487989
181;540944,189;181;13109;La Cisterna;3045,358324
177;647682,5813;177;13109;La Cisterna;3598,014933
451;347258,7217;451;13121;Pedro Aguirre Cerda;2363,168663
644;788616,6516;644;13130;San Miguel;3620,796443
650;762511,2414;650;13130;San Miguel;3606,857684
651;701330,2643;651;13130;San Miguel;3592,245251
450;565899,2163;450;13121;Pedro Aguirre Cerda;3480,249853
643;451566,3795;643;13130;San Miguel;2840,753814
14;501963,8675;14;13101;Santiago;2946,787068
15;784674,7443;15;13101;Santiago;3650,794701
16;670040,6775;16;13101;Santiago;3637,853583
39;224779,4174;39;13101;Santiago;1936,906194
40;664814,9254;40;13101;Santiago;3442,324618
43;444917,8902;43;13101;Santiago;2823,277152
122;333027,1671;122;13106;Estación Central;3267,862922
123;610426,1767;123;13106;Estación Central;3189,05722
124;335389,3394;124;13106;Estación Central;2354,930267
125;896650,6004;125;13106;Estación Central;3907,253424
126;555129,2565;126;13106;Estación Central;3154,224201
127;469092,6642;127;13106;Estación Central;2847,117652
129;391385,2309;129;13106;Estación Central;3987,556665
131;1314741,706;131;13106;Estación Central;5126,453848
456;853011,9323;456;13121;Pedro Aguirre Cerda;4313,032477
557;544597,8429;557;13126;Quinta Normal;3442,822387
569;551968,9875;569;13126;Quinta Normal;3127,502078
68;644203,9126;68;13102;Cerrillos;3664,281873
128;669760,8438;128;13106;Estación Central;3354,273126
132;458233,7218;132;13106;Estación Central;3001,624726
137;676303,5976;137;13106;Estación Central;4114,21287
138;646196,682;138;13106;Estación Central;3543,811014
142;459981,8084;142;13106;Estación Central;2912,143623
130;506390,9495;130;13106;Estación Central;2951,311714
140;516090,931;140;13106;Estación Central;3004,30446
134;391706,0968;134;13106;Estación Central;2507,806999
120;598905,8565;120;13106;Estación Central;3286,02734
562;425468,1032;562;13126;Quinta Normal;3510,985856
566;808348,5173;566;13126;Quinta Normal;3684,209818
567;437667,1401;567;13126;Quinta Normal;3241,444341
570;720751,9548;570;13126;Quinta Normal;3530,114009
571;622466,8197;571;13126;Quinta Normal;3237,604389
121;225834,0274;121;13106;Estación Central;2141,733125
24;620244,9112;24;13101;Santiago;3247,805073
25;979429,6873;25;13101;Santiago;4146,378588
27;405828,605;27;13101;Santiago;2881,763068
28;534907,8738;28;13101;Santiago;3880,091154
29;507168,8951;29;13101;Santiago;3108,551574
455;325239,2001;455;13121;Pedro Aguirre Cerda;3436,957106
457;366744,1377;457;13121;Pedro Aguirre Cerda;3069,944608
26;576371,762;26;13101;Santiago;3116,053701
640;693581,8281;640;13130;San Miguel;3497,154534
44;847839,2386;44;13101;Santiago;3957,374774
45;488104,7462;45;13101;Santiago;2775,940685
46;339630,3631;46;13101;Santiago;2402,069749
4;317432,8269;4;13101;Santiago;2256,239626
5;310194,4409;5;13101;Santiago;2238,872264
8;571128,4742;8;13101;Santiago;3387,568649
9;357618,8736;9;13101;Santiago;2479,671148
10;389645,7777;10;13101;Santiago;2530,952467
11;380475,8399;11;13101;Santiago;2497,542816
13;372214,478;13;13101;Santiago;2788,920696
18;309999,763;18;13101;Santiago;2349,4818
6;389847,5617;6;13101;Santiago;2571,309538
7;341629,7403;7;13101;Santiago;2357,903297
1;332293,8354;1;13101;Santiago;2387,304832
3;330688,4967;3;13101;Santiago;2301,318272
2;321064,0939;2;13101;Santiago;2269,318125
49;408278,2671;49;13101;Santiago;2825,941278
50;422663,3949;50;13101;Santiago;3165,217869
12;270937,9938;12;13101;Santiago;2349,762067
17;327663,6084;17;13101;Santiago;2462,389453
165;287412,4143;165;13108;Independencia;2343,646023
150;7259644,189;150;13107;Huechuraba;13059,6731
154;1827463,244;154;13107;Huechuraba;5734,864811
542;6208458,89;542;13125;Quilicura;12619,0448
543;2059377,969;543;13125;Quilicura;6983,998482
544;2227894,987;544;13125;Quilicura;7461,345483
548;6856130,324;548;13125;Quilicura;14593,10145
549;835928,628;549;13125;Quilicura;4198,514592
550;383562,3698;550;13125;Quilicura;2768,695392
552;1174167,939;552;13125;Quilicura;4879,041596
553;8861692,907;553;13125;Quilicura;14289,43465
555;998614,0108;555;13125;Quilicura;4512,071664
556;2521830,499;556;13125;Quilicura;8866,989389
577;1035104,255;577;13126;Quinta Normal;4838,918772
610;403380,0648;610;13128;Renca;3142,734643
616;1419307,382;616;13128;Renca;5046,22613
617;1418567,292;617;13128;Renca;4970,202477
545;1460196,842;545;13125;Quilicura;6417,628511
554;1854718,332;554;13125;Quilicura;6156,327743
612;2038493,521;612;13128;Renca;6315,000791
80;592794,8265;80;13103;Cerro Navia;3524,258615
613;889453,8535;613;13128;Renca;4027,153563
74;481356,6803;74;13103;Cerro Navia;3300,076586
551;482542,0155;551;13125;Quilicura;3218,854448
546;6619199,806;546;13125;Quilicura;12478,93648
757;7580669,31;757;13302;Lampa;12482,35405
83;418819,1412;83;13104;Conchalí;2699,312614
84;581272,7943;84;13104;Conchalí;3182,881856
85;520360,5448;85;13104;Conchalí;3490,225298
86;305377,4012;86;13104;Conchalí;2663,682809
87;650494,5682;87;13104;Conchalí;4536,845342
91;465974,3213;91;13104;Conchalí;2919,87432
93;631957,6116;93;13104;Conchalí;3821,013939
94;732937,5251;94;13104;Conchalí;4946,516195
96;790454,435;96;13104;Conchalí;4855,26117
97;643538,0061;97;13104;Conchalí;3667,349124
98;548636,9615;98;13104;Conchalí;3336,020209
99;422398,74;99;13104;Conchalí;3362,597477
151;1028747,597;151;13107;Huechuraba;5244,969863
158;467368,0792;158;13108;Independencia;3157,455735
609;839954,3505;609;13128;Renca;3956,452241
614;1086304,618;614;13128;Renca;6316,730341
615;1728210,197;615;13128;Renca;5453,177594
574;445439,0539;574;13126;Quinta Normal;3404,069779
603;608050,5162;603;13128;Renca;3531,328515
605;502393,3797;605;13128;Renca;3567,693485
606;235127,0817;606;13128;Renca;2385,489284
607;325271,0515;607;13128;Renca;2521,593287
611;891597,1567;611;13128;Renca;4275,129732
572;438973,0215;572;13126;Quinta Normal;2718,122247
573;233472,3832;573;13126;Quinta Normal;2005,138123
602;265397,3521;602;13128;Renca;2064,569299
608;553798,0012;608;13128;Renca;3712,891674
100;880706,6211;100;13104;Conchalí;3853,124251
101;505087,1412;101;13104;Conchalí;3086,835729
102;432933,9915;102;13104;Conchalí;2916,220626
90;577085,6138;90;13104;Conchalí;3625,487918
157;446851,0428;157;13108;Independencia;2983,525986
159;911377,4684;159;13108;Independencia;4222,852371
160;466634,9912;160;13108;Independencia;2998,232627
161;277998,5128;161;13108;Independencia;2185,835391
162;393379,562;162;13108;Independencia;2462,24684
163;752427,3423;163;13108;Independencia;3667,732842
168;411402,6161;168;13108;Independencia;2744,237716
170;594892,8912;170;13108;Independencia;3720,043295
166;255751,456;166;13108;Independencia;2307,572544
88;409880,8082;88;13104;Conchalí;2700,772286
89;674915,9722;89;13104;Conchalí;3354,620275
92;521667,7808;92;13104;Conchalí;4015,990862
95;265696,4905;95;13104;Conchalí;2336,630302
190;847966,2447;190;13110;La Florida;3880,188004
191;911644,5691;191;13110;La Florida;3964,425195
205;1208568,873;205;13110;La Florida;4879,450451
206;1274208,568;206;13110;La Florida;5430,951945
215;472171,2716;215;13110;La Florida;3291,011484
216;707289,0696;216;13110;La Florida;3670,484006
223;954601,2089;223;13110;La Florida;4387,63389
224;450958,1168;224;13110;La Florida;3427,861668
266;552438,7165;266;13113;La Reina;3317,005814
290;879683,6275;290;13114;Las Condes;3897,446692
361;611848,5574;361;13118;Macul;3778,004889
363;845177,4554;363;13118;Macul;4025,915459
368;499111,4638;368;13118;Macul;3220,63922
370;693394,2907;370;13118;Macul;3388,18864
371;847873,6112;371;13118;Macul;4006,631766
373;688142,5137;373;13118;Macul;3484,448192
422;467862,891;422;13120;Ñuñoa;2869,314166
426;890725,8895;426;13120;Ñuñoa;4082,617011
433;396322,5647;433;13120;Ñuñoa;2601,035883
434;722610,4453;434;13120;Ñuñoa;3588,219798
438;327603,6951;438;13120;Ñuñoa;2514,99831
440;641334,7757;440;13120;Ñuñoa;3392,853768
467;458977,279;467;13122;Peñalolén;2754,700109
476;177349,3082;476;13122;Peñalolén;1980,399688
477;1672989,743;477;13122;Peñalolén;5839,595771
482;658176,882;482;13122;Peñalolén;3691,619609
484;1487230,561;484;13122;Peñalolén;5096,634935
485;1070893,745;485;13122;Peñalolén;4348,263654
487;1365103,825;487;13122;Peñalolén;4739,074276
490;1609625,792;490;13122;Peñalolén;5137,998467
620;671056,6081;620;13129;San Joaquín;3417,485105
622;333744,6947;622;13129;San Joaquín;2808,704772
628;420922,9379;628;13129;San Joaquín;2734,404951
629;760647,6693;629;13129;San Joaquín;4977,204782
196;1053420,042;196;13110;La Florida;5039,847717
225;368666,8438;225;13110;La Florida;2825,202341
234;530588,7441;234;13111;La Granja;2940,276318
235;542201,1647;235;13111;La Granja;3110,39846
236;381206,6705;236;13111;La Granja;2622,172616
240;684485,4109;240;13111;La Granja;4682,019204
242;532935,26;242;13111;La Granja;3533,831164
243;604856,5321;243;13111;La Granja;3226,132617
244;434473,8451;244;13111;La Granja;4310,765167
245;1195823,985;245;13111;La Granja;4442,79612
246;462616,6968;246;13111;La Granja;3106,261503
249;299984,7511;249;13111;La Granja;2535,008163
374;579027,9353;374;13118;Macul;3062,067245
376;515795,3737;376;13118;Macul;2912,088465
625;327145,4448;625;13129;San Joaquín;2823,785329
636;491389,7371;636;13129;San Joaquín;2934,203149
653;336918,3943;653;13131;San Ramón;2510,576676
654;295813,8872;654;13131;San Ramón;2487,325251
237;889309,602;237;13111;La Granja;3804,244696
238;358219,5739;238;13111;La Granja;2445,751726
239;625529,0983;239;13111;La Granja;3191,102715
241;394497,3467;241;13111;La Granja;3135,121369
657;480142,0619;657;13131;San Ramón;2904,053182
665;365802,8177;665;13131;San Ramón;2945,156648
661;601155,2181;661;13131;San Ramón;3211,326798
656;385818,2288;656;13131;San Ramón;2693,145521
658;320468,9189;658;13131;San Ramón;2739,572595
623;573555,6362;623;13129;San Joaquín;3359,100783
624;530888,4208;624;13129;San Joaquín;3517,421976
630;475731,7969;630;13129;San Joaquín;3544,489642
632;280036,9564;632;13129;San Joaquín;2131,745069
633;452603,6723;633;13129;San Joaquín;2732,933522
634;355777,4274;634;13129;San Joaquín;2410,73356
647;271318,9833;647;13130;San Miguel;2183,762591
649;602157,7463;649;13130;San Miguel;3168,184552
631;315843,6336;631;13129;San Joaquín;2263,819943
637;278473,9491;637;13129;San Joaquín;2835,832518
638;529167,3426;638;13129;San Joaquín;3146,783416
621;564575,2528;621;13129;San Joaquín;3226,56598
635;450190,3505;635;13129;San Joaquín;2839,478524
193;572412,2288;193;13110;La Florida;3158,285246
214;323814,5565;214;13110;La Florida;2363,625172
217;500646,3858;217;13110;La Florida;3391,011657
218;589184,7483;218;13110;La Florida;3481,768606
227;358629,6977;227;13110;La Florida;2471,380073
229;1135284,614;229;13110;La Florida;4425,607242
230;513433,8309;230;13110;La Florida;3350,364635
207;815956,7517;207;13110;La Florida;4098,259263
213;662796,5732;213;13110;La Florida;4077,369426
231;295048,709;231;13110;La Florida;2639,081107
189;346718,6384;189;13110;La Florida;2467,714887
228;466576,5042;228;13110;La Florida;2808,665184
197;192508,8817;197;13110;La Florida;2012,856701
198;512890,6001;198;13110;La Florida;3052,806569
360;999895,1221;360;13118;Macul;4929,706484
367;606836,5829;367;13118;Macul;4302,13713
372;709270,7094;372;13118;Macul;3488,649671
377;433098,2976;377;13118;Macul;2900,404158
226;398296,8512;226;13110;La Florida;2890,173104
362;481997,5064;362;13118;Macul;3091,286942
375;422636,8997;375;13118;Macul;3027,825996
35;659798,2587;35;13101;Santiago;3503,173387
51;717198,1872;51;13101;Santiago;4041,318701
366;1599907,731;366;13118;Macul;5099,440646
419;669029,3725;419;13120;Ñuñoa;3975,176506
420;300301,485;420;13120;Ñuñoa;2500,227295
421;383966,9624;421;13120;Ñuñoa;2540,725932
424;731732,0152;424;13120;Ñuñoa;3443,482302
428;779023,2221;428;13120;Ñuñoa;3936,115271
431;463837,2314;431;13120;Ñuñoa;2947,879585
441;760556,2678;441;13120;Ñuñoa;3611,123063
442;612655,0391;442;13120;Ñuñoa;3495,432953
445;365204,8481;445;13120;Ñuñoa;2712,570501
446;620051,7143;446;13120;Ñuñoa;3854,597069
447;488140,5276;447;13120;Ñuñoa;3559,608262
448;622812,4599;448;13120;Ñuñoa;3348,749123
500;585084,0015;500;13123;Providencia;3544,807541
501;1028966,696;501;13123;Providencia;4225,791057
502;620946,0805;502;13123;Providencia;3129,406215
503;552918,0168;503;13123;Providencia;3038,685015
38;739646,0858;38;13101;Santiago;4877,869336
52;267791,3132;52;13101;Santiago;2090,78491
619;853438,4657;619;13129;San Joaquín;3721,06675
626;639729,2582;626;13129;San Joaquín;3285,239225
627;645986,5503;627;13129;San Joaquín;3590,925759
36;554003,0312;36;13101;Santiago;3084,470125
37;483489,2138;37;13101;Santiago;2804,300561
427;400437,6765;427;13120;Ñuñoa;2944,135319
22;195636,3323;22;13101;Santiago;1770,464826
23;368404,6512;23;13101;Santiago;2570,696881
32;336940,214;32;13101;Santiago;2877,195758
41;231971,4134;41;13101;Santiago;1955,819914
430;387127,7831;430;13120;Ñuñoa;2763,991228
494;409662,6502;494;13123;Providencia;2677,338953
495;549580,7982;495;13123;Providencia;3022,851631
510;595282,1919;510;13123;Providencia;3382,853825
511;427202,784;511;13123;Providencia;2738,222017
516;422931,4972;516;13123;Providencia;2767,163407
33;605268,2181;33;13101;Santiago;3166,042419
34;416138,715;34;13101;Santiago;2806,863374
600;340773,9979;600;13127;Recoleta;2295,622117
364;657247,1318;364;13118;Macul;3275,272382
369;639374,1647;369;13118;Macul;3233,659288
423;843950,2017;423;13120;Ñuñoa;3831,678063
443;465562,5824;443;13120;Ñuñoa;2897,85736
444;605300,4056;444;13120;Ñuñoa;3535,691531
365;936864,9507;365;13118;Macul;4122,869336
425;532280,8005;425;13120;Ñuñoa;3396,69758
432;555150,0906;432;13120;Ñuñoa;3304,245821
437;591494,6866;437;13120;Ñuñoa;3245,833428
496;708842,1803;496;13123;Providencia;3927,450561
504;441235,5302;504;13123;Providencia;2714,40531
509;528144,5556;509;13123;Providencia;3033,34658
512;420484,0499;512;13123;Providencia;3069,489301
514;532574,5161;514;13123;Providencia;2939,659959
429;615436,9023;429;13120;Ñuñoa;3154,617032
513;506852,1285;513;13123;Providencia;2859,595477
436;613293,3069;436;13120;Ñuñoa;3116,631814
505;494144,8446;505;13123;Providencia;3112,513055
200;665633,6025;200;13110;La Florida;3465,898592
202;1441491,178;202;13110;La Florida;5352,72665
203;1675339,158;203;13110;La Florida;5690,312233
221;1194118,037;221;13110;La Florida;4782,035793
222;743862,0246;222;13110;La Florida;3773,943423
466;2368969,653;466;13122;Peñalolén;6253,962165
201;2186205,608;201;13110;La Florida;5900,246771
219;1044926,795;219;13110;La Florida;5158,245135
220;1764912,7;220;13110;La Florida;5612,506332
199;840900,7113;199;13110;La Florida;4084,87691
468;932035,9732;468;13122;Peñalolén;4476,834139
475;731723,479;475;13122;Peñalolén;3354,242118
483;334300,1651;483;13122;Peñalolén;2511,901044
486;844406,3816;486;13122;Peñalolén;4028,518195
212;1478250,608;212;13110;La Florida;7797,649962
268;722933,3933;268;13113;La Reina;3815,460196
270;620988,4659;270;13113;La Reina;3510,765175
272;281711,7508;272;13113;La Reina;2293,984862
273;824340,3614;273;13113;La Reina;3724,599474
274;3360481,11;274;13113;La Reina;9057,307969
276;1306879,111;276;13113;La Reina;5048,26335
277;1210528,403;277;13113;La Reina;4710,491228
278;503466,2335;278;13113;La Reina;2821,657616
279;664079,5223;279;13113;La Reina;3395,430764
280;316628,2012;280;13113;La Reina;2321,161292
285;475945,0489;285;13113;La Reina;3469,211266
478;1370276,223;478;13122;Peñalolén;5181,233775
470;441280,7206;470;13122;Peñalolén;2671,81053
471;845896,5477;471;13122;Peñalolén;3756,721123
472;778488,0035;472;13122;Peñalolén;3861,2212
473;789749,354;473;13122;Peñalolén;3998,959695
474;785452,2241;474;13122;Peñalolén;4125,695895
488;364616,1194;488;13122;Peñalolén;2403,061418
489;689270,8122;489;13122;Peñalolén;3392,507286
469;273602,2761;469;13122;Peñalolén;2099,728589
439;588064,3612;439;13120;Ñuñoa;3223,868009
267;623997,6057;267;13113;La Reina;4011,690927
269;841520,752;269;13113;La Reina;3885,043492
281;369022,3843;281;13113;La Reina;3105,111453
282;975626,9916;282;13113;La Reina;4481,637266
283;570035,1914;283;13113;La Reina;3165,996194
435;375113,4771;435;13120;Ñuñoa;2537,23621
284;479502,533;284;13113;La Reina;3321,608795
265;715386,6445;265;13113;La Reina;3773,235427
271;891731,1099;271;13113;La Reina;4430,428089
479;1103311,374;479;13122;Peñalolén;4374,365464
286;911339,1441;286;13113;La Reina;5031,522696
323;312375,6249;323;13114;Las Condes;2510,326961
306;617300,8722;306;13114;Las Condes;3688,405603
307;1196178,517;307;13114;Las Condes;5137,551329
324;3553133,045;324;13115;Lo Barnechea;8136,090631
666;1124652,093;666;13132;Vitacura;5119,726757
667;929621,2539;667;13132;Vitacura;4392,603387
672;1034545,648;672;13132;Vitacura;4439,031583
674;5607589,01;674;13132;Vitacura;12826,14616
675;2287369,814;675;13132;Vitacura;6273,402926
677;795066,5797;677;13132;Vitacura;4426,526835
678;634981,5649;678;13132;Vitacura;3884,140495
684;6005353,345;684;13132;Vitacura;17582,37435
146;3033336,409;146;13107;Huechuraba;7332,02565
147;773808,2133;147;13107;Huechuraba;4998,066671
148;1171752,75;148;13107;Huechuraba;6557,621848
153;2021532,234;153;13107;Huechuraba;5880,267089
590;1763951,486;590;13127;Recoleta;5579,710683
597;654245,4898;597;13127;Recoleta;3425,12494
598;540583,2842;598;13127;Recoleta;3647,77691
683;1728535,053;683;13132;Vitacura;5371,426868
584;723856,0682;584;13127;Recoleta;3644,18452
586;767337,1895;586;13127;Recoleta;3522,363459
587;392715,3297;587;13127;Recoleta;2777,007364
589;589518,0925;589;13127;Recoleta;3181,940366
591;1229996,337;591;13127;Recoleta;6274,776477
599;553752,7504;599;13127;Recoleta;3133,941313
585;205953,6036;585;13127;Recoleta;1902,63735
595;314018,9919;595;13127;Recoleta;2434,121196
144;787247,8107;144;13107;Huechuraba;3596,33723
145;338523,0164;145;13107;Huechuraba;2580,24542
149;542225,5376;149;13107;Huechuraba;3338,045124
155;514939,1739;155;13107;Huechuraba;3276,060698
156;546439,729;156;13107;Huechuraba;3225,921838
287;1787203,705;287;13114;Las Condes;5825,137212
288;810862,892;288;13114;Las Condes;4084,504041
682;698259,3321;682;13132;Vitacura;4349,537249
295;1087293,742;295;13114;Las Condes;4265,909956
297;1383918,578;297;13114;Las Condes;5634,921943
299;366627,2564;299;13114;Las Condes;2919,670765
313;433599,3871;313;13114;Las Condes;2751,660369
314;964080,2987;314;13114;Las Condes;3949,606301
315;756726,062;315;13114;Las Condes;4085,000476
317;194122,7091;317;13114;Las Condes;1775,302162
319;706496,1443;319;13114;Las Condes;3938,577495
669;726971,6371;669;13132;Vitacura;3474,280151
670;512720,4697;670;13132;Vitacura;3470,673858
671;553256,3517;671;13132;Vitacura;3551,59701
679;873062,7846;679;13132;Vitacura;5246,615824
680;1329829,168;680;13132;Vitacura;5399,129017
292;731084,0663;292;13114;Las Condes;3440,980135
296;1303932,496;296;13114;Las Condes;4565,65286
300;658785,2944;300;13114;Las Condes;3819,410028
312;845495,042;312;13114;Las Condes;4700,088543
321;418787,0121;321;13114;Las Condes;2799,407549
320;211829,2396;320;13114;Las Condes;2340,698638
668;216404,54;668;13132;Vitacura;1952,918514
676;811761,0253;676;13132;Vitacura;4039,492133
309;603386,3203;309;13114;Las Condes;3698,208569
673;486423,4912;673;13132;Vitacura;4662,770556
681;725540,1337;681;13132;Vitacura;3563,502591
325;6064597,724;325;13115;Lo Barnechea;14766,63322
332;5356726,276;332;13115;Lo Barnechea;15065,41297
335;682093,2854;335;13115;Lo Barnechea;5036,886844
730;4666227,3;730;13301;Colina;9410,784764
731;3407202,427;731;13301;Colina;8777,955325
737;4614578,753;737;13301;Colina;14728,69362
738;4615716,511;738;13301;Colina;13582,90099
735;5486029,9;735;13301;Colina;9803,707092
736;8657450,355;736;13301;Colina;14072,74833
741;30298069,03;741;13301;Colina;28617,24105
748;5157985,46;748;13302;Lampa;13012,57377
739;8171983,067;739;13301;Colina;11793,64285
733;4269031,921;733;13301;Colina;11235,89155
734;9566842,494;734;13301;Colina;14391,24073
732;3012779,292;732;13301;Colina;7664,847489
328;109453668,5;328;13115;Lo Barnechea;49638,28226
329;6427598,904;329;13115;Lo Barnechea;11964,48837
330;2046653,762;330;13115;Lo Barnechea;6230,685409
301;2143101,786;301;13114;Las Condes;8533,113517
311;3550541,573;311;13114;Las Condes;9629,677818
318;2846149,998;318;13114;Las Condes;9739,619046
